clone,comparison,vh_lab_germline,vl_lab_germline,vh_fr_identity_mouse_vs_seq3,vl_fr_identity_mouse_vs_seq3,vh_vernier_mutable_count,vl_vernier_mutable_count,vh_vernier_backmut_count,vl_vernier_backmut_count,vh_non_vernier_backmut_count,vl_non_vernier_backmut_count,total_backmut_count,vh_cdr3_length,vl_cdr3_length,vh_cdr_deamidation_count,vh_cdr_oxidation_count,vh_cdr_isomerization_count,vh_cdr_glycosylation_count,vl_cdr_deamidation_count,vl_cdr_oxidation_count,vl_cdr_isomerization_count,vl_cdr_glycosylation_count,vh_identity_mouse_vs_seq3,vl_identity_mouse_vs_seq3,oasis_identity,vh_oasis_identity,vl_oasis_identity,vh_oasis_cdr_identity,vh_oasis_fr_identity,vl_oasis_cdr_identity,vl_oasis_fr_identity,vh_germline_identity,vl_germline_identity,vh_detected_germline,vl_detected_germline,vh_vernier_humanized_count,vh_non_vernier_mutable_count,vh_non_vernier_humanized_count,vh_backmut_detail,vl_vernier_humanized_count,vl_non_vernier_mutable_count,vl_non_vernier_humanized_count,vl_backmut_detail,conf_mean_vh,conf_mean_vl,conf_mean_fv,conf_cdr_mean_vh,conf_fr_mean_vh,conf_cdr_mean_vl,conf_fr_mean_vl,vh_camsol_score,vh_camsol_cdr_score,vh_camsol_fr_score,vh_camsol_hotspot_count,vl_camsol_score,vl_camsol_cdr_score,vl_camsol_fr_score,vl_camsol_hotspot_count,vh_deamidation_fr_count,vh_oxidation_fr_count,vh_isomerization_fr_count,vh_glycosylation_fr_count,vh_asp_pro_fr_count,vl_deamidation_fr_count,vl_oxidation_fr_count,vl_isomerization_fr_count,vl_glycosylation_fr_count,vl_asp_pro_fr_count,vh_pi,vl_pi,fv_pi,fv_net_charge_ph7,vh_fr_sapiens_changed_count,vh_vernier_sapiens_changed_count,vl_fr_sapiens_changed_count,vl_vernier_sapiens_changed_count,vh_identity_vs_seq5,vl_identity_vs_seq5,vh_oasis_delta_vs_seq5,vl_oasis_delta_vs_seq5,vh_vernier_backmut_delta_vs_seq5,vl_vernier_backmut_delta_vs_seq5,pipeline_vh_germline,lab_vh_germline,pipeline_vl_germline,lab_vl_germline,vh_germline_family_match,vh_germline_gene_match,vl_germline_family_match,vl_germline_gene_match,vh_seq1_vs_seq3_fr_identity,vl_seq1_vs_seq3_fr_identity,vh_seq1_vs_seq3_identity,vl_seq1_vs_seq3_identity,vh_pipeline_vernier_mutable,vh_lab_vernier_mutable,vh_vernier_mutable_delta,vl_pipeline_vernier_mutable,vl_lab_vernier_mutable,vl_vernier_mutable_delta,vh_conflict_count,vh_conflict_sap_over_humanized,vh_conflict_sap_over_conservative,vh_conflict_positions,vh_agreement_count,vl_conflict_count,vl_conflict_sap_over_humanized,vl_conflict_sap_over_conservative,vl_conflict_positions,vl_agreement_count,vh_seq7_vs_seq5_identity,vl_seq7_vs_seq5_identity,vh_seq7_vs_seq5_fr_identity,vl_seq7_vs_seq5_fr_identity,vh_seq7_backmut_count,vh_seq5_backmut_count,vl_seq7_backmut_count,vl_seq5_backmut_count,vh_seq4_vs_seq3_fr_identity,vl_seq4_vs_seq3_fr_identity,vh_discrepancy_count,vh_discrepancy_positions,vl_discrepancy_count,vl_discrepancy_positions
8C11,level_0_baseline,IGHV1-2*06,IGKV4-1*01,0.782,0.794,4,1,2,0,6,2,10,12,9,1,1,1,0,0,1,0,0,0.782,0.794,,,,,,,,,,,,,,,,,,,,,,,,,,,,,,,,,,,,,,,,,,,,,,,,,,,,,,,,,,,,,,,,,,,,,,,,,,,,,,,,,,,,,,,,,,,,,,,,,,,,
8C11,level_1_seq0_scorecard,,,,,1,3,0,0,0,0,,,,,,,,,,,,,,0.7488,0.7117,0.79,0.6071,0.747,0.4737,0.8642,0.762,0.873,IGHV1-69*02,IGKV1-9*01,0,15,0,"[{'imgt_pos': 1, 'is_vernier': False, 'mouse_aa': 'E', 'grafted_aa': None, 'query_aa': 'Q', 'status': 'humanized_by_sapiens'}, {'imgt_pos': 5, 'is_vernier': False, 'mouse_aa': 'Q', 'grafted_aa': None, 'query_aa': 'V', 'status': 'humanized_by_sapiens'}, {'imgt_pos': 13, 'is_vernier': False, 'mouse_aa': 'V', 'grafted_aa': None, 'query_aa': 'K', 'status': 'humanized_by_sapiens'}, {'imgt_pos': 21, 'is_vernier': False, 'mouse_aa': 'M', 'grafted_aa': None, 'query_aa': 'V', 'status': 'humanized_by_sapiens'}, {'imgt_pos': 43, 'is_vernier': False, 'mouse_aa': 'K', 'grafted_aa': None, 'query_aa': 'R', 'status': 'humanized_by_sapiens'}, {'imgt_pos': 45, 'is_vernier': False, 'mouse_aa': 'S', 'grafted_aa': None, 'query_aa': 'A', 'status': 'humanized_by_sapiens'}, {'imgt_pos': 46, 'is_vernier': False, 'mouse_aa': 'H', 'grafted_aa': None, 'query_aa': 'P', 'status': 'humanized_by_sapiens'}, {'imgt_pos': 49, 'is_vernier': False, 'mouse_aa': 'S', 'grafted_aa': None, 'query_aa': 'G', 'status': 'humanized_by_sapiens'}, {'imgt_pos': 67, 'is_vernier': True, 'mouse_aa': 'N', 'grafted_aa': None, 'query_aa': 'Y', 'status': 'humanized_by_sapiens'}, {'imgt_pos': 68, 'is_vernier': False, 'mouse_aa': 'N', 'grafted_aa': None, 'query_aa': 'A', 'status': 'humanized_by_sapiens'}, {'imgt_pos': 70, 'is_vernier': False, 'mouse_aa': 'N', 'grafted_aa': None, 'query_aa': 'S', 'status': 'humanized_by_sapiens'}, {'imgt_pos': 75, 'is_vernier': False, 'mouse_aa': 'K', 'grafted_aa': None, 'query_aa': 'R', 'status': 'humanized_by_sapiens'}, {'imgt_pos': 76, 'is_vernier': False, 'mouse_aa': 'A', 'grafted_aa': None, 'query_aa': 'F', 'status': 'humanized_by_sapiens'}, {'imgt_pos': 84, 'is_vernier': False, 'mouse_aa': 'L', 'grafted_aa': None, 'query_aa': 'K', 'status': 'humanized_by_sapiens'}, {'imgt_pos': 99, 'is_vernier': False, 'mouse_aa': 'S', 'grafted_aa': None, 'query_aa': 'T', 'status': 'humanized_by_sapiens'}, {'imgt_pos': 128, 'is_vernier': False, 'mouse_aa': 'A', 'grafted_aa': None, 'query_aa': 'S', 'status': 'humanized_by_sapiens'}]",0,16,0,"[{'imgt_pos': 3, 'is_vernier': False, 'mouse_aa': 'V', 'grafted_aa': None, 'query_aa': 'Q', 'status': 'humanized_by_sapiens'}, {'imgt_pos': 8, 'is_vernier': False, 'mouse_aa': 'H', 'grafted_aa': None, 'query_aa': 'P', 'status': 'humanized_by_sapiens'}, {'imgt_pos': 9, 'is_vernier': False, 'mouse_aa': 'K', 'grafted_aa': None, 'query_aa': 'S', 'status': 'humanized_by_sapiens'}, {'imgt_pos': 11, 'is_vernier': False, 'mouse_aa': 'M', 'grafted_aa': None, 'query_aa': 'L', 'status': 'humanized_by_sapiens'}, {'imgt_pos': 13, 'is_vernier': False, 'mouse_aa': 'T', 'grafted_aa': None, 'query_aa': 'A', 'status': 'humanized_by_sapiens'}, {'imgt_pos': 20, 'is_vernier': False, 'mouse_aa': 'S', 'grafted_aa': None, 'query_aa': 'T', 'status': 'humanized_by_sapiens'}, {'imgt_pos': 24, 'is_vernier': False, 'mouse_aa': 'K', 'grafted_aa': None, 'query_aa': 'R', 'status': 'humanized_by_sapiens'}, {'imgt_pos': 40, 'is_vernier': False, 'mouse_aa': 'V', 'grafted_aa': None, 'query_aa': 'A', 'status': 'humanized_by_sapiens'}, {'imgt_pos': 49, 'is_vernier': True, 'mouse_aa': 'S', 'grafted_aa': None, 'query_aa': 'A', 'status': 'humanized_by_sapiens'}, {'imgt_pos': 52, 'is_vernier': False, 'mouse_aa': 'I', 'grafted_aa': None, 'query_aa': 'L', 'status': 'humanized_by_sapiens'}, {'imgt_pos': 66, 'is_vernier': True, 'mouse_aa': 'Y', 'grafted_aa': None, 'query_aa': 'T', 'status': 'humanized_by_sapiens'}, {'imgt_pos': 68, 'is_vernier': True, 'mouse_aa': 'Y', 'grafted_aa': None, 'query_aa': 'A', 'status': 'humanized_by_sapiens'}, {'imgt_pos': 74, 'is_vernier': False, 'mouse_aa': 'D', 'grafted_aa': None, 'query_aa': 'S', 'status': 'humanized_by_sapiens'}, {'imgt_pos': 77, 'is_vernier': False, 'mouse_aa': 'T', 'grafted_aa': None, 'query_aa': 'S', 'status': 'humanized_by_sapiens'}, {'imgt_pos': 89, 'is_vernier': False, 'mouse_aa': 'F', 'grafted_aa': None, 'query_aa': 'L', 'status': 'humanized_by_sapiens'}, {'imgt_pos': 94, 'is_vernier': False, 'mouse_aa': 'V', 'grafted_aa': None, 'query_aa': 'L', 'status': 'humanized_by_sapiens'}, {'imgt_pos': 96, 'is_vernier': False, 'mouse_aa': 'A', 'grafted_aa': None, 'query_aa': 'S', 'status': 'humanized_by_sapiens'}, {'imgt_pos': 124, 'is_vernier': False, 'mouse_aa': 'L', 'grafted_aa': None, 'query_aa': 'V', 'status': 'humanized_by_sapiens'}, {'imgt_pos': 127, 'is_vernier': False, 'mouse_aa': 'R', 'grafted_aa': None, 'query_aa': 'K', 'status': 'humanized_by_sapiens'}]",92.15,90.02,91.14,86.7,93.83,82.03,91.73,-0.3866,-0.3766,-0.3897,37,-0.2979,-0.208,-0.3171,20,2,5,0,0,0,0,2,0,0,0,9.61,7.88,9.29,7.1,16,1,19,3,0.874,0.785,0.0631,0.0728,-2,0,,,,,,,,,,,,,,,,,,,,,,,,,,,,,,,,,,,,,,,,,,
8C11,level_2_seq2_scorecard,,,,,3,4,0,0,0,1,,,,,,,,,,,,,,0.8038,0.8739,0.7245,0.6429,0.9518,0.2941,0.8148,0.95,0.962,IGHV1-69*02,IGKV1-NL1*01,3,21,21,"[{'imgt_pos': 1, 'is_vernier': False, 'mouse_aa': 'E', 'grafted_aa': 'Q', 'query_aa': 'Q', 'status': 'humanized'}, {'imgt_pos': 5, 'is_vernier': False, 'mouse_aa': 'Q', 'grafted_aa': 'V', 'query_aa': 'V', 'status': 'humanized'}, {'imgt_pos': 9, 'is_vernier': False, 'mouse_aa': 'P', 'grafted_aa': 'A', 'query_aa': 'A', 'status': 'humanized'}, {'imgt_pos': 12, 'is_vernier': False, 'mouse_aa': 'L', 'grafted_aa': 'V', 'query_aa': 'V', 'status': 'humanized'}, {'imgt_pos': 13, 'is_vernier': False, 'mouse_aa': 'V', 'grafted_aa': 'K', 'query_aa': 'K', 'status': 'humanized'}, {'imgt_pos': 17, 'is_vernier': False, 'mouse_aa': 'A', 'grafted_aa': 'S', 'query_aa': 'S', 'status': 'humanized'}, {'imgt_pos': 21, 'is_vernier': False, 'mouse_aa': 'M', 'grafted_aa': 'V', 'query_aa': 'V', 'status': 'humanized'}, {'imgt_pos': 43, 'is_vernier': False, 'mouse_aa': 'K', 'grafted_aa': 'R', 'query_aa': 'R', 'status': 'humanized'}, {'imgt_pos': 45, 'is_vernier': False, 'mouse_aa': 'S', 'grafted_aa': 'A', 'query_aa': 'A', 'status': 'humanized'}, {'imgt_pos': 46, 'is_vernier': False, 'mouse_aa': 'H', 'grafted_aa': 'P', 'query_aa': 'P', 'status': 'humanized'}, {'imgt_pos': 48, 'is_vernier': True, 'mouse_aa': 'K', 'grafted_aa': 'Q', 'query_aa': 'Q', 'status': 'humanized'}, {'imgt_pos': 49, 'is_vernier': False, 'mouse_aa': 'S', 'grafted_aa': 'G', 'query_aa': 'G', 'status': 'humanized'}, {'imgt_pos': 53, 'is_vernier': False, 'mouse_aa': 'I', 'grafted_aa': 'M', 'query_aa': 'M', 'status': 'humanized'}, {'imgt_pos': 75, 'is_vernier': False, 'mouse_aa': 'K', 'grafted_aa': 'R', 'query_aa': 'R', 'status': 'humanized'}, {'imgt_pos': 76, 'is_vernier': False, 'mouse_aa': 'A', 'grafted_aa': 'V', 'query_aa': 'V', 'status': 'humanized'}, {'imgt_pos': 78, 'is_vernier': True, 'mouse_aa': 'L', 'grafted_aa': 'I', 'query_aa': 'I', 'status': 'humanized'}, {'imgt_pos': 80, 'is_vernier': True, 'mouse_aa': 'V', 'grafted_aa': 'A', 'query_aa': 'A', 'status': 'humanized'}, {'imgt_pos': 84, 'is_vernier': False, 'mouse_aa': 'L', 'grafted_aa': 'T', 'query_aa': 'T', 'status': 'humanized'}, {'imgt_pos': 85, 'is_vernier': False, 'mouse_aa': 'N', 'grafted_aa': 'S', 'query_aa': 'S', 'status': 'humanized'}, {'imgt_pos': 90, 'is_vernier': False, 'mouse_aa': 'Q', 'grafted_aa': 'E', 'query_aa': 'E', 'status': 'humanized'}, {'imgt_pos': 92, 'is_vernier': False, 'mouse_aa': 'N', 'grafted_aa': 'S', 'query_aa': 'S', 'status': 'humanized'}, {'imgt_pos': 95, 'is_vernier': False, 'mouse_aa': 'T', 'grafted_aa': 'R', 'query_aa': 'R', 'status': 'humanized'}, {'imgt_pos': 99, 'is_vernier': False, 'mouse_aa': 'S', 'grafted_aa': 'T', 'query_aa': 'T', 'status': 'humanized'}, {'imgt_pos': 128, 'is_vernier': False, 'mouse_aa': 'A', 'grafted_aa': 'S', 'query_aa': 'S', 'status': 'humanized'}]",3,22,19,"[{'imgt_pos': 3, 'is_vernier': False, 'mouse_aa': 'V', 'grafted_aa': 'Q', 'query_aa': 'Q', 'status': 'humanized'}, {'imgt_pos': 8, 'is_vernier': False, 'mouse_aa': 'H', 'grafted_aa': 'P', 'query_aa': 'P', 'status': 'humanized'}, {'imgt_pos': 9, 'is_vernier': False, 'mouse_aa': 'K', 'grafted_aa': 'S', 'query_aa': 'S', 'status': 'humanized'}, {'imgt_pos': 10, 'is_vernier': False, 'mouse_aa': 'F', 'grafted_aa': 'S', 'query_aa': 'S', 'status': 'humanized'}, {'imgt_pos': 11, 'is_vernier': False, 'mouse_aa': 'M', 'grafted_aa': 'L', 'query_aa': 'L', 'status': 'humanized'}, {'imgt_pos': 13, 'is_vernier': False, 'mouse_aa': 'T', 'grafted_aa': 'A', 'query_aa': 'A', 'status': 'humanized'}, {'imgt_pos': 20, 'is_vernier': False, 'mouse_aa': 'S', 'grafted_aa': 'T', 'query_aa': 'T', 'status': 'humanized'}, {'imgt_pos': 40, 'is_vernier': False, 'mouse_aa': 'V', 'grafted_aa': 'N', 'query_aa': 'N', 'status': 'humanized'}, {'imgt_pos': 48, 'is_vernier': True, 'mouse_aa': 'Q', 'grafted_aa': 'K', 'query_aa': 'K', 'status': 'humanized'}, {'imgt_pos': 49, 'is_vernier': True, 'mouse_aa': 'S', 'grafted_aa': 'A', 'query_aa': 'A', 'status': 'humanized'}, {'imgt_pos': 52, 'is_vernier': False, 'mouse_aa': 'I', 'grafted_aa': 'L', 'query_aa': 'L', 'status': 'humanized'}, {'imgt_pos': 55, 'is_vernier': False, 'mouse_aa': 'F', 'grafted_aa': 'S', 'query_aa': 'Y', 'status': 'other_substitution'}, {'imgt_pos': 66, 'is_vernier': True, 'mouse_aa': 'Y', 'grafted_aa': 'R', 'query_aa': 'R', 'status': 'humanized'}, {'imgt_pos': 67, 'is_vernier': False, 'mouse_aa': 'R', 'grafted_aa': 'Y', 'query_aa': 'L', 'status': 'other_substitution'}, {'imgt_pos': 68, 'is_vernier': True, 'mouse_aa': 'Y', 'grafted_aa': 'T', 'query_aa': 'E', 'status': 'other_substitution'}, {'imgt_pos': 74, 'is_vernier': False, 'mouse_aa': 'D', 'grafted_aa': 'S', 'query_aa': 'S', 'status': 'humanized'}, {'imgt_pos': 77, 'is_vernier': False, 'mouse_aa': 'T', 'grafted_aa': 'S', 'query_aa': 'S', 'status': 'humanized'}, {'imgt_pos': 86, 'is_vernier': False, 'mouse_aa': 'E', 'grafted_aa': 'D', 'query_aa': 'D', 'status': 'humanized'}, {'imgt_pos': 94, 'is_vernier': False, 'mouse_aa': 'V', 'grafted_aa': 'L', 'query_aa': 'L', 'status': 'humanized'}, {'imgt_pos': 96, 'is_vernier': False, 'mouse_aa': 'A', 'grafted_aa': 'P', 'query_aa': 'P', 'status': 'humanized'}, {'imgt_pos': 99, 'is_vernier': False, 'mouse_aa': 'L', 'grafted_aa': 'I', 'query_aa': 'I', 'status': 'humanized'}, {'imgt_pos': 101, 'is_vernier': False, 'mouse_aa': 'V', 'grafted_aa': 'T', 'query_aa': 'T', 'status': 'humanized'}, {'imgt_pos': 104, 'is_vernier': False, 'mouse_aa': 'C', 'grafted_aa': 'Q', 'query_aa': 'C', 'status': 'back_mutated'}, {'imgt_pos': 120, 'is_vernier': False, 'mouse_aa': 'G', 'grafted_aa': 'Q', 'query_aa': 'Q', 'status': 'humanized'}, {'imgt_pos': 124, 'is_vernier': False, 'mouse_aa': 'L', 'grafted_aa': 'V', 'query_aa': 'V', 'status': 'humanized'}, {'imgt_pos': 127, 'is_vernier': False, 'mouse_aa': 'R', 'grafted_aa': 'K', 'query_aa': 'K', 'status': 'humanized'}]",92.63,92.18,92.42,82.17,95.85,78.65,94.95,-0.3984,-0.4017,-0.3974,44,-0.3615,-0.2136,-0.3918,26,0,6,0,0,0,0,2,0,0,0,9.23,7.87,8.85,5.1,24,3,26,4,0.857,0.705,0.2253,0.0073,-2,0,,,,,,,,,,,,,,,,,,,,,,,,,,,,,,,,,,,,,,,,,,
8C11,level_2_germline_selection,,,,,,,,,,,,,,,,,,,,,,,,,,,,,,,,,,,,,,,,,,,,,,,,,,,,,,,,,,,,,,,,,,,,,,,,,,,,,,,,,,IGHV1-69*02,IGHV1-2*06,IGKV1-NL1*01,IGKV4-1*01,True,False,False,False,0.923,0.761,0.924,0.714,3,4,-1,4,1,3,,,,,,,,,,,,,,,,,,,,,,,,
8C11,level_3_seq6_scorecard,,,,,4,1,0,0,0,0,,,,,,,,,,,,,,0.8762,0.8829,0.8687,0.6786,0.9518,0.5,0.9506,0.975,0.937,IGHV1-2*06,IGKV4-1*01,4,22,22,"[{'imgt_pos': 1, 'is_vernier': False, 'mouse_aa': 'E', 'grafted_aa': 'Q', 'query_aa': 'Q', 'status': 'humanized'}, {'imgt_pos': 5, 'is_vernier': False, 'mouse_aa': 'Q', 'grafted_aa': 'V', 'query_aa': 'V', 'status': 'humanized'}, {'imgt_pos': 9, 'is_vernier': False, 'mouse_aa': 'P', 'grafted_aa': 'A', 'query_aa': 'A', 'status': 'humanized'}, {'imgt_pos': 12, 'is_vernier': False, 'mouse_aa': 'L', 'grafted_aa': 'V', 'query_aa': 'V', 'status': 'humanized'}, {'imgt_pos': 13, 'is_vernier': False, 'mouse_aa': 'V', 'grafted_aa': 'K', 'query_aa': 'K', 'status': 'humanized'}, {'imgt_pos': 21, 'is_vernier': False, 'mouse_aa': 'M', 'grafted_aa': 'V', 'query_aa': 'V', 'status': 'humanized'}, {'imgt_pos': 43, 'is_vernier': False, 'mouse_aa': 'K', 'grafted_aa': 'R', 'query_aa': 'R', 'status': 'humanized'}, {'imgt_pos': 45, 'is_vernier': False, 'mouse_aa': 'S', 'grafted_aa': 'A', 'query_aa': 'A', 'status': 'humanized'}, {'imgt_pos': 46, 'is_vernier': False, 'mouse_aa': 'H', 'grafted_aa': 'P', 'query_aa': 'P', 'status': 'humanized'}, {'imgt_pos': 48, 'is_vernier': True, 'mouse_aa': 'K', 'grafted_aa': 'Q', 'query_aa': 'Q', 'status': 'humanized'}, {'imgt_pos': 49, 'is_vernier': False, 'mouse_aa': 'S', 'grafted_aa': 'G', 'query_aa': 'G', 'status': 'humanized'}, {'imgt_pos': 53, 'is_vernier': False, 'mouse_aa': 'I', 'grafted_aa': 'M', 'query_aa': 'M', 'status': 'humanized'}, {'imgt_pos': 75, 'is_vernier': False, 'mouse_aa': 'K', 'grafted_aa': 'R', 'query_aa': 'R', 'status': 'humanized'}, {'imgt_pos': 76, 'is_vernier': False, 'mouse_aa': 'A', 'grafted_aa': 'V', 'query_aa': 'V', 'status': 'humanized'}, {'imgt_pos': 78, 'is_vernier': True, 'mouse_aa': 'L', 'grafted_aa': 'M', 'query_aa': 'M', 'status': 'humanized'}, {'imgt_pos': 80, 'is_vernier': True, 'mouse_aa': 'V', 'grafted_aa': 'R', 'query_aa': 'R', 'status': 'humanized'}, {'imgt_pos': 82, 'is_vernier': False, 'mouse_aa': 'K', 'grafted_aa': 'T', 'query_aa': 'T', 'status': 'humanized'}, {'imgt_pos': 84, 'is_vernier': False, 'mouse_aa': 'L', 'grafted_aa': 'I', 'query_aa': 'I', 'status': 'humanized'}, {'imgt_pos': 85, 'is_vernier': False, 'mouse_aa': 'N', 'grafted_aa': 'S', 'query_aa': 'S', 'status': 'humanized'}, {'imgt_pos': 90, 'is_vernier': False, 'mouse_aa': 'Q', 'grafted_aa': 'E', 'query_aa': 'E', 'status': 'humanized'}, {'imgt_pos': 92, 'is_vernier': False, 'mouse_aa': 'N', 'grafted_aa': 'S', 'query_aa': 'S', 'status': 'humanized'}, {'imgt_pos': 93, 'is_vernier': True, 'mouse_aa': 'S', 'grafted_aa': 'R', 'query_aa': 'R', 'status': 'humanized'}, {'imgt_pos': 95, 'is_vernier': False, 'mouse_aa': 'T', 'grafted_aa': 'R', 'query_aa': 'R', 'status': 'humanized'}, {'imgt_pos': 97, 'is_vernier': False, 'mouse_aa': 'E', 'grafted_aa': 'D', 'query_aa': 'D', 'status': 'humanized'}, {'imgt_pos': 99, 'is_vernier': False, 'mouse_aa': 'S', 'grafted_aa': 'T', 'query_aa': 'T', 'status': 'humanized'}, {'imgt_pos': 128, 'is_vernier': False, 'mouse_aa': 'A', 'grafted_aa': 'S', 'query_aa': 'S', 'status': 'humanized'}]",1,21,21,"[{'imgt_pos': 8, 'is_vernier': False, 'mouse_aa': 'H', 'grafted_aa': 'P', 'query_aa': 'P', 'status': 'humanized'}, {'imgt_pos': 9, 'is_vernier': False, 'mouse_aa': 'K', 'grafted_aa': 'D', 'query_aa': 'D', 'status': 'humanized'}, {'imgt_pos': 10, 'is_vernier': False, 'mouse_aa': 'F', 'grafted_aa': 'S', 'query_aa': 'S', 'status': 'humanized'}, {'imgt_pos': 11, 'is_vernier': False, 'mouse_aa': 'M', 'grafted_aa': 'L', 'query_aa': 'L', 'status': 'humanized'}, {'imgt_pos': 12, 'is_vernier': False, 'mouse_aa': 'S', 'grafted_aa': 'A', 'query_aa': 'A', 'status': 'humanized'}, {'imgt_pos': 13, 'is_vernier': False, 'mouse_aa': 'T', 'grafted_aa': 'V', 'query_aa': 'V', 'status': 'humanized'}, {'imgt_pos': 15, 'is_vernier': False, 'mouse_aa': 'V', 'grafted_aa': 'L', 'query_aa': 'L', 'status': 'humanized'}, {'imgt_pos': 17, 'is_vernier': False, 'mouse_aa': 'D', 'grafted_aa': 'E', 'query_aa': 'E', 'status': 'humanized'}, {'imgt_pos': 19, 'is_vernier': False, 'mouse_aa': 'V', 'grafted_aa': 'A', 'query_aa': 'A', 'status': 'humanized'}, {'imgt_pos': 20, 'is_vernier': False, 'mouse_aa': 'S', 'grafted_aa': 'T', 'query_aa': 'T', 'status': 'humanized'}, {'imgt_pos': 22, 'is_vernier': False, 'mouse_aa': 'T', 'grafted_aa': 'N', 'query_aa': 'N', 'status': 'humanized'}, {'imgt_pos': 49, 'is_vernier': True, 'mouse_aa': 'S', 'grafted_aa': 'P', 'query_aa': 'P', 'status': 'humanized'}, {'imgt_pos': 52, 'is_vernier': False, 'mouse_aa': 'I', 'grafted_aa': 'L', 'query_aa': 'L', 'status': 'humanized'}, {'imgt_pos': 55, 'is_vernier': False, 'mouse_aa': 'F', 'grafted_aa': 'Y', 'query_aa': 'Y', 'status': 'humanized'}, {'imgt_pos': 77, 'is_vernier': False, 'mouse_aa': 'T', 'grafted_aa': 'S', 'query_aa': 'S', 'status': 'humanized'}, {'imgt_pos': 86, 'is_vernier': False, 'mouse_aa': 'E', 'grafted_aa': 'D', 'query_aa': 'D', 'status': 'humanized'}, {'imgt_pos': 89, 'is_vernier': False, 'mouse_aa': 'F', 'grafted_aa': 'L', 'query_aa': 'L', 'status': 'humanized'}, {'imgt_pos': 94, 'is_vernier': False, 'mouse_aa': 'V', 'grafted_aa': 'L', 'query_aa': 'L', 'status': 'humanized'}, {'imgt_pos': 99, 'is_vernier': False, 'mouse_aa': 'L', 'grafted_aa': 'V', 'query_aa': 'V', 'status': 'humanized'}, {'imgt_pos': 120, 'is_vernier': False, 'mouse_aa': 'G', 'grafted_aa': 'Q', 'query_aa': 'Q', 'status': 'humanized'}, {'imgt_pos': 124, 'is_vernier': False, 'mouse_aa': 'L', 'grafted_aa': 'V', 'query_aa': 'V', 'status': 'humanized'}, {'imgt_pos': 127, 'is_vernier': False, 'mouse_aa': 'R', 'grafted_aa': 'K', 'query_aa': 'K', 'status': 'humanized'}]",93.41,92.84,93.14,84.3,96.21,87.26,93.97,-0.3975,-0.3845,-0.4014,41,-0.3562,-0.2654,-0.3746,28,0,7,1,0,0,1,2,1,0,0,9.47,5.52,8.6,4.2,26,4,22,1,0.891,0.944,0.2343,0.1515,-2,0,,,,,,,,,,,,,,,,,,,,,,,,,,,,,,,,,,,,,,,,,,
8C11,level_3_conflict_positions,,,,,,,,,,,,,,,,,,,,,,,,,,,,,,,,,,,,,,,,,,,,,,,,,,,,,,,,,,,,,,,,,,,,,,,,,,,,,,,,,,,,,,,,,,,,,,,,,,,,8,8,0,"[{'imgt_pos': 43, 'mouse_aa': 'K', 'seq3_aa': 'R', 'seq5_aa': 'K', 'seq6_aa': 'R', 'lab_decision': 'back_mutated', 'sapiens_decision': 'humanized', 'direction': 'sap_over_humanized'}, {'imgt_pos': 53, 'mouse_aa': 'I', 'seq3_aa': 'M', 'seq5_aa': 'I', 'seq6_aa': 'M', 'lab_decision': 'back_mutated', 'sapiens_decision': 'humanized', 'direction': 'sap_over_humanized'}, {'imgt_pos': 75, 'mouse_aa': 'K', 'seq3_aa': 'R', 'seq5_aa': 'K', 'seq6_aa': 'R', 'lab_decision': 'back_mutated', 'sapiens_decision': 'humanized', 'direction': 'sap_over_humanized'}, {'imgt_pos': 76, 'mouse_aa': 'A', 'seq3_aa': 'V', 'seq5_aa': 'A', 'seq6_aa': 'V', 'lab_decision': 'back_mutated', 'sapiens_decision': 'humanized', 'direction': 'sap_over_humanized'}, {'imgt_pos': 78, 'mouse_aa': 'L', 'seq3_aa': 'M', 'seq5_aa': 'L', 'seq6_aa': 'M', 'lab_decision': 'back_mutated', 'sapiens_decision': 'humanized', 'direction': 'sap_over_humanized'}, {'imgt_pos': 80, 'mouse_aa': 'V', 'seq3_aa': 'R', 'seq5_aa': 'V', 'seq6_aa': 'R', 'lab_decision': 'back_mutated', 'sapiens_decision': 'humanized', 'direction': 'sap_over_humanized'}, {'imgt_pos': 82, 'mouse_aa': 'K', 'seq3_aa': 'T', 'seq5_aa': 'K', 'seq6_aa': 'T', 'lab_decision': 'back_mutated', 'sapiens_decision': 'humanized', 'direction': 'sap_over_humanized'}, {'imgt_pos': 85, 'mouse_aa': 'N', 'seq3_aa': 'S', 'seq5_aa': 'N', 'seq6_aa': 'S', 'lab_decision': 'back_mutated', 'sapiens_decision': 'humanized', 'direction': 'sap_over_humanized'}]",18,2,2,0,"[{'imgt_pos': 52, 'mouse_aa': 'I', 'seq3_aa': 'L', 'seq5_aa': 'I', 'seq6_aa': 'L', 'lab_decision': 'back_mutated', 'sapiens_decision': 'humanized', 'direction': 'sap_over_humanized'}, {'imgt_pos': 55, 'mouse_aa': 'F', 'seq3_aa': 'Y', 'seq5_aa': 'F', 'seq6_aa': 'Y', 'lab_decision': 'back_mutated', 'sapiens_decision': 'humanized', 'direction': 'sap_over_humanized'}]",20,,,,,,,,,,,,,,
8C11,level_4_validation,,,,,,,,,,,,,,,,,,,,,,,,,,,,,,,,,,,,,,,,,,,,,,,,,,,,,,,,,,,,,,,,,,,,,,,,,,,,,,,,,,,,,,,,,,,,,,,,,,,,,,,,,,,,,,1.0,1.0,1.0,1.0,8,8,2,2,0.933,0.981,0,[],0,[]
25A1,level_0_baseline,IGHV1-2*02,IGKV3-11*01,0.792,0.764,4,4,2,0,0,1,3,13,9,0,0,1,0,0,1,0,0,0.792,0.764,,,,,,,,,,,,,,,,,,,,,,,,,,,,,,,,,,,,,,,,,,,,,,,,,,,,,,,,,,,,,,,,,,,,,,,,,,,,,,,,,,,,,,,,,,,,,,,,,,,,
25A1,level_1_seq0_scorecard,,,,,0,3,0,0,0,0,,,,,,,,,,,,,,0.7109,0.7321,0.6869,0.3793,0.8554,0.2778,0.7778,0.812,0.823,IGHV1-46*01,IGKV1-13*02,0,14,0,"[{'imgt_pos': 3, 'is_vernier': False, 'mouse_aa': 'K', 'grafted_aa': None, 'query_aa': 'Q', 'status': 'humanized_by_sapiens'}, {'imgt_pos': 5, 'is_vernier': False, 'mouse_aa': 'Q', 'grafted_aa': None, 'query_aa': 'V', 'status': 'humanized_by_sapiens'}, {'imgt_pos': 13, 'is_vernier': False, 'mouse_aa': 'V', 'grafted_aa': None, 'query_aa': 'K', 'status': 'humanized_by_sapiens'}, {'imgt_pos': 43, 'is_vernier': False, 'mouse_aa': 'K', 'grafted_aa': None, 'query_aa': 'R', 'status': 'humanized_by_sapiens'}, {'imgt_pos': 45, 'is_vernier': False, 'mouse_aa': 'S', 'grafted_aa': None, 'query_aa': 'A', 'status': 'humanized_by_sapiens'}, {'imgt_pos': 46, 'is_vernier': False, 'mouse_aa': 'H', 'grafted_aa': None, 'query_aa': 'P', 'status': 'humanized_by_sapiens'}, {'imgt_pos': 49, 'is_vernier': False, 'mouse_aa': 'S', 'grafted_aa': None, 'query_aa': 'G', 'status': 'humanized_by_sapiens'}, {'imgt_pos': 53, 'is_vernier': False, 'mouse_aa': 'I', 'grafted_aa': None, 'query_aa': 'M', 'status': 'humanized_by_sapiens'}, {'imgt_pos': 68, 'is_vernier': False, 'mouse_aa': 'N', 'grafted_aa': None, 'query_aa': 'A', 'status': 'humanized_by_sapiens'}, {'imgt_pos': 72, 'is_vernier': False, 'mouse_aa': 'K', 'grafted_aa': None, 'query_aa': 'Q', 'status': 'humanized_by_sapiens'}, {'imgt_pos': 75, 'is_vernier': False, 'mouse_aa': 'K', 'grafted_aa': None, 'query_aa': 'R', 'status': 'humanized_by_sapiens'}, {'imgt_pos': 76, 'is_vernier': False, 'mouse_aa': 'A', 'grafted_aa': None, 'query_aa': 'V', 'status': 'humanized_by_sapiens'}, {'imgt_pos': 99, 'is_vernier': False, 'mouse_aa': 'S', 'grafted_aa': None, 'query_aa': 'T', 'status': 'humanized_by_sapiens'}, {'imgt_pos': 123, 'is_vernier': False, 'mouse_aa': 'T', 'grafted_aa': None, 'query_aa': 'L', 'status': 'humanized_by_sapiens'}]",0,15,0,"[{'imgt_pos': 3, 'is_vernier': False, 'mouse_aa': 'E', 'grafted_aa': None, 'query_aa': 'V', 'status': 'humanized_by_sapiens'}, {'imgt_pos': 11, 'is_vernier': False, 'mouse_aa': 'M', 'grafted_aa': None, 'query_aa': 'L', 'status': 'humanized_by_sapiens'}, {'imgt_pos': 18, 'is_vernier': False, 'mouse_aa': 'K', 'grafted_aa': None, 'query_aa': 'R', 'status': 'humanized_by_sapiens'}, {'imgt_pos': 21, 'is_vernier': False, 'mouse_aa': 'M', 'grafted_aa': None, 'query_aa': 'L', 'status': 'humanized_by_sapiens'}, {'imgt_pos': 24, 'is_vernier': False, 'mouse_aa': 'S', 'grafted_aa': None, 'query_aa': 'R', 'status': 'humanized_by_sapiens'}, {'imgt_pos': 39, 'is_vernier': False, 'mouse_aa': 'M', 'grafted_aa': None, 'query_aa': 'L', 'status': 'humanized_by_sapiens'}, {'imgt_pos': 46, 'is_vernier': True, 'mouse_aa': 'S', 'grafted_aa': None, 'query_aa': 'P', 'status': 'humanized_by_sapiens'}, {'imgt_pos': 48, 'is_vernier': True, 'mouse_aa': 'T', 'grafted_aa': None, 'query_aa': 'K', 'status': 'humanized_by_sapiens'}, {'imgt_pos': 49, 'is_vernier': True, 'mouse_aa': 'S', 'grafted_aa': None, 'query_aa': 'A', 'status': 'humanized_by_sapiens'}, {'imgt_pos': 52, 'is_vernier': False, 'mouse_aa': 'R', 'grafted_aa': None, 'query_aa': 'L', 'status': 'humanized_by_sapiens'}, {'imgt_pos': 53, 'is_vernier': False, 'mouse_aa': 'W', 'grafted_aa': None, 'query_aa': 'L', 'status': 'humanized_by_sapiens'}, {'imgt_pos': 86, 'is_vernier': False, 'mouse_aa': 'S', 'grafted_aa': None, 'query_aa': 'D', 'status': 'humanized_by_sapiens'}, {'imgt_pos': 87, 'is_vernier': False, 'mouse_aa': 'Y', 'grafted_aa': None, 'query_aa': 'F', 'status': 'humanized_by_sapiens'}, {'imgt_pos': 94, 'is_vernier': False, 'mouse_aa': 'M', 'grafted_aa': None, 'query_aa': 'L', 'status': 'humanized_by_sapiens'}, {'imgt_pos': 95, 'is_vernier': False, 'mouse_aa': 'E', 'grafted_aa': None, 'query_aa': 'Q', 'status': 'humanized_by_sapiens'}, {'imgt_pos': 120, 'is_vernier': False, 'mouse_aa': 'A', 'grafted_aa': None, 'query_aa': 'G', 'status': 'humanized_by_sapiens'}, {'imgt_pos': 124, 'is_vernier': False, 'mouse_aa': 'L', 'grafted_aa': None, 'query_aa': 'V', 'status': 'humanized_by_sapiens'}, {'imgt_pos': 125, 'is_vernier': False, 'mouse_aa': 'E', 'grafted_aa': None, 'query_aa': 'I', 'status': 'humanized_by_sapiens'}]",88.65,89.03,88.83,77.46,92.22,78.26,91.21,-0.3207,-0.2582,-0.3406,28,-0.3112,-0.2682,-0.3199,25,1,6,0,0,0,0,1,1,0,0,7.84,8.94,8.57,4.1,14,0,18,3,0.892,0.802,0.0267,-0.0376,-2,0,,,,,,,,,,,,,,,,,,,,,,,,,,,,,,,,,,,,,,,,,,
25A1,level_2_seq2_scorecard,,,,,3,4,0,0,0,0,,,,,,,,,,,,,,0.8143,0.8125,0.8163,0.4828,0.9277,0.7059,0.8395,0.988,0.949,IGHV1-3*01,IGKV1-5*01,3,19,19,"[{'imgt_pos': 3, 'is_vernier': False, 'mouse_aa': 'K', 'grafted_aa': 'Q', 'query_aa': 'Q', 'status': 'humanized'}, {'imgt_pos': 5, 'is_vernier': False, 'mouse_aa': 'Q', 'grafted_aa': 'V', 'query_aa': 'V', 'status': 'humanized'}, {'imgt_pos': 9, 'is_vernier': False, 'mouse_aa': 'P', 'grafted_aa': 'A', 'query_aa': 'A', 'status': 'humanized'}, {'imgt_pos': 12, 'is_vernier': False, 'mouse_aa': 'L', 'grafted_aa': 'V', 'query_aa': 'V', 'status': 'humanized'}, {'imgt_pos': 13, 'is_vernier': False, 'mouse_aa': 'V', 'grafted_aa': 'K', 'query_aa': 'K', 'status': 'humanized'}, {'imgt_pos': 21, 'is_vernier': False, 'mouse_aa': 'I', 'grafted_aa': 'V', 'query_aa': 'V', 'status': 'humanized'}, {'imgt_pos': 43, 'is_vernier': False, 'mouse_aa': 'K', 'grafted_aa': 'R', 'query_aa': 'R', 'status': 'humanized'}, {'imgt_pos': 45, 'is_vernier': False, 'mouse_aa': 'S', 'grafted_aa': 'A', 'query_aa': 'A', 'status': 'humanized'}, {'imgt_pos': 46, 'is_vernier': False, 'mouse_aa': 'H', 'grafted_aa': 'P', 'query_aa': 'P', 'status': 'humanized'}, {'imgt_pos': 48, 'is_vernier': True, 'mouse_aa': 'K', 'grafted_aa': 'Q', 'query_aa': 'Q', 'status': 'humanized'}, {'imgt_pos': 49, 'is_vernier': False, 'mouse_aa': 'S', 'grafted_aa': 'R', 'query_aa': 'R', 'status': 'humanized'}, {'imgt_pos': 53, 'is_vernier': False, 'mouse_aa': 'I', 'grafted_aa': 'M', 'query_aa': 'M', 'status': 'humanized'}, {'imgt_pos': 75, 'is_vernier': False, 'mouse_aa': 'K', 'grafted_aa': 'R', 'query_aa': 'R', 'status': 'humanized'}, {'imgt_pos': 76, 'is_vernier': False, 'mouse_aa': 'A', 'grafted_aa': 'V', 'query_aa': 'V', 'status': 'humanized'}, {'imgt_pos': 78, 'is_vernier': True, 'mouse_aa': 'L', 'grafted_aa': 'I', 'query_aa': 'I', 'status': 'humanized'}, {'imgt_pos': 80, 'is_vernier': True, 'mouse_aa': 'V', 'grafted_aa': 'R', 'query_aa': 'R', 'status': 'humanized'}, {'imgt_pos': 82, 'is_vernier': False, 'mouse_aa': 'K', 'grafted_aa': 'T', 'query_aa': 'T', 'status': 'humanized'}, {'imgt_pos': 84, 'is_vernier': False, 'mouse_aa': 'S', 'grafted_aa': 'A', 'query_aa': 'A', 'status': 'humanized'}, {'imgt_pos': 90, 'is_vernier': False, 'mouse_aa': 'Q', 'grafted_aa': 'E', 'query_aa': 'E', 'status': 'humanized'}, {'imgt_pos': 92, 'is_vernier': False, 'mouse_aa': 'N', 'grafted_aa': 'S', 'query_aa': 'S', 'status': 'humanized'}, {'imgt_pos': 95, 'is_vernier': False, 'mouse_aa': 'T', 'grafted_aa': 'R', 'query_aa': 'R', 'status': 'humanized'}, {'imgt_pos': 99, 'is_vernier': False, 'mouse_aa': 'S', 'grafted_aa': 'T', 'query_aa': 'T', 'status': 'humanized'}]",4,19,19,"[{'imgt_pos': 3, 'is_vernier': False, 'mouse_aa': 'E', 'grafted_aa': 'Q', 'query_aa': 'Q', 'status': 'humanized'}, {'imgt_pos': 4, 'is_vernier': True, 'mouse_aa': 'L', 'grafted_aa': 'M', 'query_aa': 'M', 'status': 'humanized'}, {'imgt_pos': 9, 'is_vernier': False, 'mouse_aa': 'A', 'grafted_aa': 'S', 'query_aa': 'S', 'status': 'humanized'}, {'imgt_pos': 10, 'is_vernier': False, 'mouse_aa': 'I', 'grafted_aa': 'S', 'query_aa': 'S', 'status': 'humanized'}, {'imgt_pos': 11, 'is_vernier': False, 'mouse_aa': 'M', 'grafted_aa': 'L', 'query_aa': 'L', 'status': 'humanized'}, {'imgt_pos': 15, 'is_vernier': False, 'mouse_aa': 'P', 'grafted_aa': 'V', 'query_aa': 'V', 'status': 'humanized'}, {'imgt_pos': 17, 'is_vernier': False, 'mouse_aa': 'E', 'grafted_aa': 'D', 'query_aa': 'D', 'status': 'humanized'}, {'imgt_pos': 18, 'is_vernier': False, 'mouse_aa': 'K', 'grafted_aa': 'R', 'query_aa': 'R', 'status': 'humanized'}, {'imgt_pos': 21, 'is_vernier': False, 'mouse_aa': 'M', 'grafted_aa': 'I', 'query_aa': 'I', 'status': 'humanized'}, {'imgt_pos': 46, 'is_vernier': True, 'mouse_aa': 'S', 'grafted_aa': 'P', 'query_aa': 'P', 'status': 'humanized'}, {'imgt_pos': 48, 'is_vernier': True, 'mouse_aa': 'T', 'grafted_aa': 'K', 'query_aa': 'K', 'status': 'humanized'}, {'imgt_pos': 49, 'is_vernier': True, 'mouse_aa': 'S', 'grafted_aa': 'A', 'query_aa': 'A', 'status': 'humanized'}, {'imgt_pos': 53, 'is_vernier': False, 'mouse_aa': 'W', 'grafted_aa': 'L', 'query_aa': 'L', 'status': 'humanized'}, {'imgt_pos': 74, 'is_vernier': False, 'mouse_aa': 'A', 'grafted_aa': 'S', 'query_aa': 'S', 'status': 'humanized'}, {'imgt_pos': 86, 'is_vernier': False, 'mouse_aa': 'S', 'grafted_aa': 'E', 'query_aa': 'E', 'status': 'humanized'}, {'imgt_pos': 87, 'is_vernier': False, 'mouse_aa': 'Y', 'grafted_aa': 'F', 'query_aa': 'F', 'status': 'humanized'}, {'imgt_pos': 88, 'is_vernier': False, 'mouse_aa': 'S', 'grafted_aa': 'T', 'query_aa': 'T', 'status': 'humanized'}, {'imgt_pos': 94, 'is_vernier': False, 'mouse_aa': 'M', 'grafted_aa': 'L', 'query_aa': 'L', 'status': 'humanized'}, {'imgt_pos': 95, 'is_vernier': False, 'mouse_aa': 'E', 'grafted_aa': 'Q', 'query_aa': 'Q', 'status': 'humanized'}, {'imgt_pos': 96, 'is_vernier': False, 'mouse_aa': 'A', 'grafted_aa': 'P', 'query_aa': 'P', 'status': 'humanized'}, {'imgt_pos': 99, 'is_vernier': False, 'mouse_aa': 'A', 'grafted_aa': 'F', 'query_aa': 'F', 'status': 'humanized'}, {'imgt_pos': 120, 'is_vernier': False, 'mouse_aa': 'A', 'grafted_aa': 'G', 'query_aa': 'G', 'status': 'humanized'}, {'imgt_pos': 124, 'is_vernier': False, 'mouse_aa': 'L', 'grafted_aa': 'V', 'query_aa': 'V', 'status': 'humanized'}]",93.93,96.07,94.93,87.07,96.11,94.02,96.46,-0.3659,-0.2475,-0.4036,37,-0.3311,-0.2063,-0.355,18,0,7,0,0,0,0,2,0,0,0,8.79,7.87,8.58,4.0,22,3,23,4,0.9,0.774,0.1071,0.0918,-2,0,,,,,,,,,,,,,,,,,,,,,,,,,,,,,,,,,,,,,,,,,,
25A1,level_2_germline_selection,,,,,,,,,,,,,,,,,,,,,,,,,,,,,,,,,,,,,,,,,,,,,,,,,,,,,,,,,,,,,,,,,,,,,,,,,,,,,,,,,,IGHV1-3*01,IGHV1-2*02,IGKV1-39*01,IGKV3-11*01,True,False,False,False,0.934,0.775,0.942,0.811,3,4,-1,4,4,0,,,,,,,,,,,,,,,,,,,,,,,,
25A1,level_3_seq6_scorecard,,,,,4,4,0,0,0,0,,,,,,,,,,,,,,0.8571,0.8393,0.8776,0.5862,0.9277,0.7647,0.9012,0.963,0.975,IGHV1-2*02,IGKV3-11*01,4,20,20,"[{'imgt_pos': 3, 'is_vernier': False, 'mouse_aa': 'K', 'grafted_aa': 'Q', 'query_aa': 'Q', 'status': 'humanized'}, {'imgt_pos': 5, 'is_vernier': False, 'mouse_aa': 'Q', 'grafted_aa': 'V', 'query_aa': 'V', 'status': 'humanized'}, {'imgt_pos': 9, 'is_vernier': False, 'mouse_aa': 'P', 'grafted_aa': 'A', 'query_aa': 'A', 'status': 'humanized'}, {'imgt_pos': 12, 'is_vernier': False, 'mouse_aa': 'L', 'grafted_aa': 'V', 'query_aa': 'V', 'status': 'humanized'}, {'imgt_pos': 13, 'is_vernier': False, 'mouse_aa': 'V', 'grafted_aa': 'K', 'query_aa': 'K', 'status': 'humanized'}, {'imgt_pos': 21, 'is_vernier': False, 'mouse_aa': 'I', 'grafted_aa': 'V', 'query_aa': 'V', 'status': 'humanized'}, {'imgt_pos': 43, 'is_vernier': False, 'mouse_aa': 'K', 'grafted_aa': 'R', 'query_aa': 'R', 'status': 'humanized'}, {'imgt_pos': 45, 'is_vernier': False, 'mouse_aa': 'S', 'grafted_aa': 'A', 'query_aa': 'A', 'status': 'humanized'}, {'imgt_pos': 46, 'is_vernier': False, 'mouse_aa': 'H', 'grafted_aa': 'P', 'query_aa': 'P', 'status': 'humanized'}, {'imgt_pos': 48, 'is_vernier': True, 'mouse_aa': 'K', 'grafted_aa': 'Q', 'query_aa': 'Q', 'status': 'humanized'}, {'imgt_pos': 49, 'is_vernier': False, 'mouse_aa': 'S', 'grafted_aa': 'G', 'query_aa': 'G', 'status': 'humanized'}, {'imgt_pos': 53, 'is_vernier': False, 'mouse_aa': 'I', 'grafted_aa': 'M', 'query_aa': 'M', 'status': 'humanized'}, {'imgt_pos': 75, 'is_vernier': False, 'mouse_aa': 'K', 'grafted_aa': 'R', 'query_aa': 'R', 'status': 'humanized'}, {'imgt_pos': 76, 'is_vernier': False, 'mouse_aa': 'A', 'grafted_aa': 'V', 'query_aa': 'V', 'status': 'humanized'}, {'imgt_pos': 78, 'is_vernier': True, 'mouse_aa': 'L', 'grafted_aa': 'M', 'query_aa': 'M', 'status': 'humanized'}, {'imgt_pos': 80, 'is_vernier': True, 'mouse_aa': 'V', 'grafted_aa': 'R', 'query_aa': 'R', 'status': 'humanized'}, {'imgt_pos': 82, 'is_vernier': False, 'mouse_aa': 'K', 'grafted_aa': 'T', 'query_aa': 'T', 'status': 'humanized'}, {'imgt_pos': 84, 'is_vernier': False, 'mouse_aa': 'S', 'grafted_aa': 'I', 'query_aa': 'I', 'status': 'humanized'}, {'imgt_pos': 90, 'is_vernier': False, 'mouse_aa': 'Q', 'grafted_aa': 'E', 'query_aa': 'E', 'status': 'humanized'}, {'imgt_pos': 92, 'is_vernier': False, 'mouse_aa': 'N', 'grafted_aa': 'S', 'query_aa': 'S', 'status': 'humanized'}, {'imgt_pos': 93, 'is_vernier': True, 'mouse_aa': 'S', 'grafted_aa': 'R', 'query_aa': 'R', 'status': 'humanized'}, {'imgt_pos': 95, 'is_vernier': False, 'mouse_aa': 'T', 'grafted_aa': 'R', 'query_aa': 'R', 'status': 'humanized'}, {'imgt_pos': 97, 'is_vernier': False, 'mouse_aa': 'E', 'grafted_aa': 'D', 'query_aa': 'D', 'status': 'humanized'}, {'imgt_pos': 99, 'is_vernier': False, 'mouse_aa': 'S', 'grafted_aa': 'T', 'query_aa': 'T', 'status': 'humanized'}]",4,21,21,"[{'imgt_pos': 1, 'is_vernier': False, 'mouse_aa': 'D', 'grafted_aa': 'E', 'query_aa': 'E', 'status': 'humanized'}, {'imgt_pos': 3, 'is_vernier': False, 'mouse_aa': 'E', 'grafted_aa': 'V', 'query_aa': 'V', 'status': 'humanized'}, {'imgt_pos': 10, 'is_vernier': False, 'mouse_aa': 'I', 'grafted_aa': 'T', 'query_aa': 'T', 'status': 'humanized'}, {'imgt_pos': 11, 'is_vernier': False, 'mouse_aa': 'M', 'grafted_aa': 'L', 'query_aa': 'L', 'status': 'humanized'}, {'imgt_pos': 13, 'is_vernier': False, 'mouse_aa': 'A', 'grafted_aa': 'L', 'query_aa': 'L', 'status': 'humanized'}, {'imgt_pos': 18, 'is_vernier': False, 'mouse_aa': 'K', 'grafted_aa': 'R', 'query_aa': 'R', 'status': 'humanized'}, {'imgt_pos': 19, 'is_vernier': False, 'mouse_aa': 'V', 'grafted_aa': 'A', 'query_aa': 'A', 'status': 'humanized'}, {'imgt_pos': 21, 'is_vernier': False, 'mouse_aa': 'M', 'grafted_aa': 'L', 'query_aa': 'L', 'status': 'humanized'}, {'imgt_pos': 22, 'is_vernier': False, 'mouse_aa': 'T', 'grafted_aa': 'S', 'query_aa': 'S', 'status': 'humanized'}, {'imgt_pos': 46, 'is_vernier': True, 'mouse_aa': 'S', 'grafted_aa': 'P', 'query_aa': 'P', 'status': 'humanized'}, {'imgt_pos': 48, 'is_vernier': True, 'mouse_aa': 'T', 'grafted_aa': 'Q', 'query_aa': 'Q', 'status': 'humanized'}, {'imgt_pos': 49, 'is_vernier': True, 'mouse_aa': 'S', 'grafted_aa': 'A', 'query_aa': 'A', 'status': 'humanized'}, {'imgt_pos': 51, 'is_vernier': False, 'mouse_aa': 'K', 'grafted_aa': 'R', 'query_aa': 'R', 'status': 'humanized'}, {'imgt_pos': 52, 'is_vernier': False, 'mouse_aa': 'R', 'grafted_aa': 'L', 'query_aa': 'L', 'status': 'humanized'}, {'imgt_pos': 53, 'is_vernier': False, 'mouse_aa': 'W', 'grafted_aa': 'L', 'query_aa': 'L', 'status': 'humanized'}, {'imgt_pos': 71, 'is_vernier': True, 'mouse_aa': 'V', 'grafted_aa': 'I', 'query_aa': 'I', 'status': 'humanized'}, {'imgt_pos': 86, 'is_vernier': False, 'mouse_aa': 'S', 'grafted_aa': 'D', 'query_aa': 'D', 'status': 'humanized'}, {'imgt_pos': 87, 'is_vernier': False, 'mouse_aa': 'Y', 'grafted_aa': 'F', 'query_aa': 'F', 'status': 'humanized'}, {'imgt_pos': 88, 'is_vernier': False, 'mouse_aa': 'S', 'grafted_aa': 'T', 'query_aa': 'T', 'status': 'humanized'}, {'imgt_pos': 94, 'is_vernier': False, 'mouse_aa': 'M', 'grafted_aa': 'L', 'query_aa': 'L', 'status': 'humanized'}, {'imgt_pos': 96, 'is_vernier': False, 'mouse_aa': 'A', 'grafted_aa': 'P', 'query_aa': 'P', 'status': 'humanized'}, {'imgt_pos': 99, 'is_vernier': False, 'mouse_aa': 'A', 'grafted_aa': 'F', 'query_aa': 'F', 'status': 'humanized'}, {'imgt_pos': 101, 'is_vernier': False, 'mouse_aa': 'T', 'grafted_aa': 'V', 'query_aa': 'V', 'status': 'humanized'}, {'imgt_pos': 120, 'is_vernier': False, 'mouse_aa': 'A', 'grafted_aa': 'G', 'query_aa': 'G', 'status': 'humanized'}, {'imgt_pos': 124, 'is_vernier': False, 'mouse_aa': 'L', 'grafted_aa': 'V', 'query_aa': 'V', 'status': 'humanized'}]",92.36,95.47,93.82,82.99,95.34,93.33,95.88,-0.3424,-0.2261,-0.3795,29,-0.357,-0.3042,-0.3671,35,0,8,1,0,0,0,1,0,0,0,8.36,7.87,8.31,3.1,24,4,25,4,0.925,0.943,0.1339,0.1531,-2,0,,,,,,,,,,,,,,,,,,,,,,,,,,,,,,,,,,,,,,,,,,
25A1,level_3_conflict_positions,,,,,,,,,,,,,,,,,,,,,,,,,,,,,,,,,,,,,,,,,,,,,,,,,,,,,,,,,,,,,,,,,,,,,,,,,,,,,,,,,,,,,,,,,,,,,,,,,,,,2,2,0,"[{'imgt_pos': 78, 'mouse_aa': 'L', 'seq3_aa': 'M', 'seq5_aa': 'L', 'seq6_aa': 'M', 'lab_decision': 'back_mutated', 'sapiens_decision': 'humanized', 'direction': 'sap_over_humanized'}, {'imgt_pos': 80, 'mouse_aa': 'V', 'seq3_aa': 'R', 'seq5_aa': 'V', 'seq6_aa': 'R', 'lab_decision': 'back_mutated', 'sapiens_decision': 'humanized', 'direction': 'sap_over_humanized'}]",23,1,1,0,"[{'imgt_pos': 52, 'mouse_aa': 'R', 'seq3_aa': 'L', 'seq5_aa': 'R', 'seq6_aa': 'L', 'lab_decision': 'back_mutated', 'sapiens_decision': 'humanized', 'direction': 'sap_over_humanized'}]",24,,,,,,,,,,,,,,
25A1,level_4_validation,,,,,,,,,,,,,,,,,,,,,,,,,,,,,,,,,,,,,,,,,,,,,,,,,,,,,,,,,,,,,,,,,,,,,,,,,,,,,,,,,,,,,,,,,,,,,,,,,,,,,,,,,,,,,,0.983,0.991,0.989,0.989,2,2,1,1,0.967,0.981,0,[],0,[]
2E8,level_0_baseline,IGHV3-66*01,IGKV1-16*01,0.717,0.86,4,3,2,0,5,0,7,15,9,1,0,0,0,0,0,0,0,0.717,0.86,,,,,,,,,,,,,,,,,,,,,,,,,,,,,,,,,,,,,,,,,,,,,,,,,,,,,,,,,,,,,,,,,,,,,,,,,,,,,,,,,,,,,,,,,,,,,,,,,,,,
2E8,level_1_seq0_scorecard,,,,,0,3,0,0,0,0,,,,,,,,,,,,,,0.771,0.7105,0.84,0.2903,0.8675,0.5789,0.9012,0.863,0.962,IGHV1-69*02,IGKV1-39*01,0,18,0,"[{'imgt_pos': 1, 'is_vernier': False, 'mouse_aa': 'E', 'grafted_aa': None, 'query_aa': 'Q', 'status': 'humanized_by_sapiens'}, {'imgt_pos': 5, 'is_vernier': False, 'mouse_aa': 'Q', 'grafted_aa': None, 'query_aa': 'V', 'status': 'humanized_by_sapiens'}, {'imgt_pos': 11, 'is_vernier': False, 'mouse_aa': 'D', 'grafted_aa': None, 'query_aa': 'E', 'status': 'humanized_by_sapiens'}, {'imgt_pos': 12, 'is_vernier': False, 'mouse_aa': 'L', 'grafted_aa': None, 'query_aa': 'V', 'status': 'humanized_by_sapiens'}, {'imgt_pos': 13, 'is_vernier': False, 'mouse_aa': 'V', 'grafted_aa': None, 'query_aa': 'K', 'status': 'humanized_by_sapiens'}, {'imgt_pos': 21, 'is_vernier': False, 'mouse_aa': 'L', 'grafted_aa': None, 'query_aa': 'V', 'status': 'humanized_by_sapiens'}, {'imgt_pos': 43, 'is_vernier': False, 'mouse_aa': 'K', 'grafted_aa': None, 'query_aa': 'R', 'status': 'humanized_by_sapiens'}, {'imgt_pos': 45, 'is_vernier': False, 'mouse_aa': 'R', 'grafted_aa': None, 'query_aa': 'A', 'status': 'humanized_by_sapiens'}, {'imgt_pos': 46, 'is_vernier': False, 'mouse_aa': 'S', 'grafted_aa': None, 'query_aa': 'P', 'status': 'humanized_by_sapiens'}, {'imgt_pos': 53, 'is_vernier': False, 'mouse_aa': 'I', 'grafted_aa': None, 'query_aa': 'M', 'status': 'humanized_by_sapiens'}, {'imgt_pos': 68, 'is_vernier': False, 'mouse_aa': 'N', 'grafted_aa': None, 'query_aa': 'A', 'status': 'humanized_by_sapiens'}, {'imgt_pos': 72, 'is_vernier': False, 'mouse_aa': 'K', 'grafted_aa': None, 'query_aa': 'Q', 'status': 'humanized_by_sapiens'}, {'imgt_pos': 75, 'is_vernier': False, 'mouse_aa': 'K', 'grafted_aa': None, 'query_aa': 'R', 'status': 'humanized_by_sapiens'}, {'imgt_pos': 76, 'is_vernier': False, 'mouse_aa': 'A', 'grafted_aa': None, 'query_aa': 'V', 'status': 'humanized_by_sapiens'}, {'imgt_pos': 84, 'is_vernier': False, 'mouse_aa': 'S', 'grafted_aa': None, 'query_aa': 'T', 'status': 'humanized_by_sapiens'}, {'imgt_pos': 99, 'is_vernier': False, 'mouse_aa': 'S', 'grafted_aa': None, 'query_aa': 'T', 'status': 'humanized_by_sapiens'}, {'imgt_pos': 123, 'is_vernier': False, 'mouse_aa': 'T', 'grafted_aa': None, 'query_aa': 'L', 'status': 'humanized_by_sapiens'}, {'imgt_pos': 124, 'is_vernier': False, 'mouse_aa': 'L', 'grafted_aa': None, 'query_aa': 'V', 'status': 'humanized_by_sapiens'}]",0,11,0,"[{'imgt_pos': 7, 'is_vernier': False, 'mouse_aa': 'T', 'grafted_aa': None, 'query_aa': 'S', 'status': 'humanized_by_sapiens'}, {'imgt_pos': 8, 'is_vernier': False, 'mouse_aa': 'T', 'grafted_aa': None, 'query_aa': 'P', 'status': 'humanized_by_sapiens'}, {'imgt_pos': 15, 'is_vernier': False, 'mouse_aa': 'L', 'grafted_aa': None, 'query_aa': 'V', 'status': 'humanized_by_sapiens'}, {'imgt_pos': 24, 'is_vernier': False, 'mouse_aa': 'S', 'grafted_aa': None, 'query_aa': 'R', 'status': 'humanized_by_sapiens'}, {'imgt_pos': 47, 'is_vernier': True, 'mouse_aa': 'D', 'grafted_aa': None, 'query_aa': 'G', 'status': 'humanized_by_sapiens'}, {'imgt_pos': 48, 'is_vernier': True, 'mouse_aa': 'G', 'grafted_aa': None, 'query_aa': 'K', 'status': 'humanized_by_sapiens'}, {'imgt_pos': 49, 'is_vernier': True, 'mouse_aa': 'T', 'grafted_aa': None, 'query_aa': 'A', 'status': 'humanized_by_sapiens'}, {'imgt_pos': 50, 'is_vernier': False, 'mouse_aa': 'V', 'grafted_aa': None, 'query_aa': 'P', 'status': 'humanized_by_sapiens'}, {'imgt_pos': 87, 'is_vernier': False, 'mouse_aa': 'Y', 'grafted_aa': None, 'query_aa': 'F', 'status': 'humanized_by_sapiens'}, {'imgt_pos': 88, 'is_vernier': False, 'mouse_aa': 'S', 'grafted_aa': None, 'query_aa': 'T', 'status': 'humanized_by_sapiens'}, {'imgt_pos': 93, 'is_vernier': False, 'mouse_aa': 'N', 'grafted_aa': None, 'query_aa': 'S', 'status': 'humanized_by_sapiens'}, {'imgt_pos': 95, 'is_vernier': False, 'mouse_aa': 'E', 'grafted_aa': None, 'query_aa': 'Q', 'status': 'humanized_by_sapiens'}, {'imgt_pos': 124, 'is_vernier': False, 'mouse_aa': 'L', 'grafted_aa': None, 'query_aa': 'V', 'status': 'humanized_by_sapiens'}, {'imgt_pos': 126, 'is_vernier': False, 'mouse_aa': 'L', 'grafted_aa': None, 'query_aa': 'I', 'status': 'humanized_by_sapiens'}]",85.29,87.76,86.45,72.29,89.72,70.97,91.35,-0.3185,-0.1666,-0.3703,33,-0.341,-0.2591,-0.3585,26,0,6,0,0,0,0,2,0,0,0,7.0,8.85,8.3,3.3,18,0,14,3,0.792,0.944,0.1316,-0.0287,-2,0,,,,,,,,,,,,,,,,,,,,,,,,,,,,,,,,,,,,,,,,,,
2E8,level_2_seq2_scorecard,,,,,2,3,0,0,0,0,,,,,,,,,,,,,,0.8357,0.7544,0.9293,0.3871,0.8916,0.7778,0.963,0.95,0.987,IGHV1-2*02,IGKV1-16*01,2,21,21,"[{'imgt_pos': 1, 'is_vernier': False, 'mouse_aa': 'E', 'grafted_aa': 'Q', 'query_aa': 'Q', 'status': 'humanized'}, {'imgt_pos': 5, 'is_vernier': False, 'mouse_aa': 'Q', 'grafted_aa': 'V', 'query_aa': 'V', 'status': 'humanized'}, {'imgt_pos': 11, 'is_vernier': False, 'mouse_aa': 'D', 'grafted_aa': 'E', 'query_aa': 'E', 'status': 'humanized'}, {'imgt_pos': 12, 'is_vernier': False, 'mouse_aa': 'L', 'grafted_aa': 'V', 'query_aa': 'V', 'status': 'humanized'}, {'imgt_pos': 13, 'is_vernier': False, 'mouse_aa': 'V', 'grafted_aa': 'K', 'query_aa': 'K', 'status': 'humanized'}, {'imgt_pos': 21, 'is_vernier': False, 'mouse_aa': 'L', 'grafted_aa': 'V', 'query_aa': 'V', 'status': 'humanized'}, {'imgt_pos': 43, 'is_vernier': False, 'mouse_aa': 'K', 'grafted_aa': 'R', 'query_aa': 'R', 'status': 'humanized'}, {'imgt_pos': 45, 'is_vernier': False, 'mouse_aa': 'R', 'grafted_aa': 'A', 'query_aa': 'A', 'status': 'humanized'}, {'imgt_pos': 46, 'is_vernier': False, 'mouse_aa': 'S', 'grafted_aa': 'P', 'query_aa': 'P', 'status': 'humanized'}, {'imgt_pos': 53, 'is_vernier': False, 'mouse_aa': 'I', 'grafted_aa': 'M', 'query_aa': 'M', 'status': 'humanized'}, {'imgt_pos': 75, 'is_vernier': False, 'mouse_aa': 'K', 'grafted_aa': 'R', 'query_aa': 'R', 'status': 'humanized'}, {'imgt_pos': 76, 'is_vernier': False, 'mouse_aa': 'A', 'grafted_aa': 'V', 'query_aa': 'V', 'status': 'humanized'}, {'imgt_pos': 78, 'is_vernier': True, 'mouse_aa': 'L', 'grafted_aa': 'M', 'query_aa': 'M', 'status': 'humanized'}, {'imgt_pos': 80, 'is_vernier': True, 'mouse_aa': 'A', 'grafted_aa': 'R', 'query_aa': 'R', 'status': 'humanized'}, {'imgt_pos': 82, 'is_vernier': False, 'mouse_aa': 'K', 'grafted_aa': 'T', 'query_aa': 'T', 'status': 'humanized'}, {'imgt_pos': 84, 'is_vernier': False, 'mouse_aa': 'S', 'grafted_aa': 'I', 'query_aa': 'I', 'status': 'humanized'}, {'imgt_pos': 87, 'is_vernier': False, 'mouse_aa': 'V', 'grafted_aa': 'A', 'query_aa': 'A', 'status': 'humanized'}, {'imgt_pos': 95, 'is_vernier': False, 'mouse_aa': 'T', 'grafted_aa': 'R', 'query_aa': 'R', 'status': 'humanized'}, {'imgt_pos': 97, 'is_vernier': False, 'mouse_aa': 'E', 'grafted_aa': 'D', 'query_aa': 'D', 'status': 'humanized'}, {'imgt_pos': 99, 'is_vernier': False, 'mouse_aa': 'S', 'grafted_aa': 'T', 'query_aa': 'T', 'status': 'humanized'}, {'imgt_pos': 103, 'is_vernier': False, 'mouse_aa': 'F', 'grafted_aa': 'Y', 'query_aa': 'Y', 'status': 'humanized'}, {'imgt_pos': 123, 'is_vernier': False, 'mouse_aa': 'T', 'grafted_aa': 'L', 'query_aa': 'L', 'status': 'humanized'}, {'imgt_pos': 124, 'is_vernier': False, 'mouse_aa': 'L', 'grafted_aa': 'V', 'query_aa': 'V', 'status': 'humanized'}]",3,11,11,"[{'imgt_pos': 7, 'is_vernier': False, 'mouse_aa': 'T', 'grafted_aa': 'S', 'query_aa': 'S', 'status': 'humanized'}, {'imgt_pos': 8, 'is_vernier': False, 'mouse_aa': 'T', 'grafted_aa': 'P', 'query_aa': 'P', 'status': 'humanized'}, {'imgt_pos': 15, 'is_vernier': False, 'mouse_aa': 'L', 'grafted_aa': 'V', 'query_aa': 'V', 'status': 'humanized'}, {'imgt_pos': 47, 'is_vernier': True, 'mouse_aa': 'D', 'grafted_aa': 'G', 'query_aa': 'G', 'status': 'humanized'}, {'imgt_pos': 48, 'is_vernier': True, 'mouse_aa': 'G', 'grafted_aa': 'K', 'query_aa': 'K', 'status': 'humanized'}, {'imgt_pos': 49, 'is_vernier': True, 'mouse_aa': 'T', 'grafted_aa': 'A', 'query_aa': 'A', 'status': 'humanized'}, {'imgt_pos': 50, 'is_vernier': False, 'mouse_aa': 'V', 'grafted_aa': 'P', 'query_aa': 'P', 'status': 'humanized'}, {'imgt_pos': 87, 'is_vernier': False, 'mouse_aa': 'Y', 'grafted_aa': 'F', 'query_aa': 'F', 'status': 'humanized'}, {'imgt_pos': 88, 'is_vernier': False, 'mouse_aa': 'S', 'grafted_aa': 'T', 'query_aa': 'T', 'status': 'humanized'}, {'imgt_pos': 93, 'is_vernier': False, 'mouse_aa': 'N', 'grafted_aa': 'S', 'query_aa': 'S', 'status': 'humanized'}, {'imgt_pos': 95, 'is_vernier': False, 'mouse_aa': 'E', 'grafted_aa': 'Q', 'query_aa': 'Q', 'status': 'humanized'}, {'imgt_pos': 99, 'is_vernier': False, 'mouse_aa': 'I', 'grafted_aa': 'F', 'query_aa': 'F', 'status': 'humanized'}, {'imgt_pos': 120, 'is_vernier': False, 'mouse_aa': 'G', 'grafted_aa': 'Q', 'query_aa': 'Q', 'status': 'humanized'}, {'imgt_pos': 126, 'is_vernier': False, 'mouse_aa': 'L', 'grafted_aa': 'I', 'query_aa': 'I', 'status': 'humanized'}]",84.55,93.24,88.61,70.75,89.25,94.35,93.02,-0.3248,-0.1798,-0.3742,29,-0.3534,-0.2888,-0.3665,22,0,7,1,0,0,0,2,0,0,0,8.82,8.85,9.02,6.2,23,2,14,3,0.733,0.953,0.1755,0.0606,-2,0,,,,,,,,,,,,,,,,,,,,,,,,,,,,,,,,,,,,,,,,,,
2E8,level_2_germline_selection,,,,,,,,,,,,,,,,,,,,,,,,,,,,,,,,,,,,,,,,,,,,,,,,,,,,,,,,,,,,,,,,,,,,,,,,,,,,,,,,,,IGHV1-2*02,IGHV3-66*01,IGKV1-16*01,IGKV1-16*01,False,False,True,True,0.692,0.989,0.767,0.991,2,4,-2,3,3,0,,,,,,,,,,,,,,,,,,,,,,,,
2E8,level_3_seq6_scorecard,,,,,4,3,0,0,0,0,,,,,,,,,,,,,,0.831,0.7456,0.9293,0.4194,0.8675,0.7778,0.963,0.963,0.987,IGHV3-66*01,IGKV1-16*01,4,31,30,"[{'imgt_pos': 5, 'is_vernier': False, 'mouse_aa': 'Q', 'grafted_aa': 'L', 'query_aa': 'V', 'status': 'other_substitution'}, {'imgt_pos': 6, 'is_vernier': False, 'mouse_aa': 'Q', 'grafted_aa': 'E', 'query_aa': 'E', 'status': 'humanized'}, {'imgt_pos': 9, 'is_vernier': False, 'mouse_aa': 'A', 'grafted_aa': 'G', 'query_aa': 'G', 'status': 'humanized'}, {'imgt_pos': 11, 'is_vernier': False, 'mouse_aa': 'D', 'grafted_aa': 'G', 'query_aa': 'G', 'status': 'humanized'}, {'imgt_pos': 14, 'is_vernier': False, 'mouse_aa': 'K', 'grafted_aa': 'Q', 'query_aa': 'Q', 'status': 'humanized'}, {'imgt_pos': 17, 'is_vernier': False, 'mouse_aa': 'A', 'grafted_aa': 'G', 'query_aa': 'G', 'status': 'humanized'}, {'imgt_pos': 19, 'is_vernier': False, 'mouse_aa': 'V', 'grafted_aa': 'L', 'query_aa': 'L', 'status': 'humanized'}, {'imgt_pos': 20, 'is_vernier': False, 'mouse_aa': 'K', 'grafted_aa': 'R', 'query_aa': 'R', 'status': 'humanized'}, {'imgt_pos': 24, 'is_vernier': False, 'mouse_aa': 'K', 'grafted_aa': 'A', 'query_aa': 'A', 'status': 'humanized'}, {'imgt_pos': 43, 'is_vernier': False, 'mouse_aa': 'K', 'grafted_aa': 'R', 'query_aa': 'R', 'status': 'humanized'}, {'imgt_pos': 45, 'is_vernier': False, 'mouse_aa': 'R', 'grafted_aa': 'A', 'query_aa': 'A', 'status': 'humanized'}, {'imgt_pos': 46, 'is_vernier': False, 'mouse_aa': 'S', 'grafted_aa': 'P', 'query_aa': 'P', 'status': 'humanized'}, {'imgt_pos': 48, 'is_vernier': True, 'mouse_aa': 'Q', 'grafted_aa': 'K', 'query_aa': 'K', 'status': 'humanized'}, {'imgt_pos': 53, 'is_vernier': False, 'mouse_aa': 'I', 'grafted_aa': 'V', 'query_aa': 'V', 'status': 'humanized'}, {'imgt_pos': 54, 'is_vernier': False, 'mouse_aa': 'G', 'grafted_aa': 'S', 'query_aa': 'S', 'status': 'humanized'}, {'imgt_pos': 75, 'is_vernier': False, 'mouse_aa': 'K', 'grafted_aa': 'R', 'query_aa': 'R', 'status': 'humanized'}, {'imgt_pos': 76, 'is_vernier': False, 'mouse_aa': 'A', 'grafted_aa': 'F', 'query_aa': 'F', 'status': 'humanized'}, {'imgt_pos': 78, 'is_vernier': True, 'mouse_aa': 'L', 'grafted_aa': 'I', 'query_aa': 'I', 'status': 'humanized'}, {'imgt_pos': 79, 'is_vernier': False, 'mouse_aa': 'T', 'grafted_aa': 'S', 'query_aa': 'S', 'status': 'humanized'}, {'imgt_pos': 80, 'is_vernier': True, 'mouse_aa': 'A', 'grafted_aa': 'R', 'query_aa': 'R', 'status': 'humanized'}, {'imgt_pos': 82, 'is_vernier': False, 'mouse_aa': 'K', 'grafted_aa': 'N', 'query_aa': 'N', 'status': 'humanized'}, {'imgt_pos': 84, 'is_vernier': False, 'mouse_aa': 'S', 'grafted_aa': 'K', 'query_aa': 'K', 'status': 'humanized'}, {'imgt_pos': 85, 'is_vernier': False, 'mouse_aa': 'S', 'grafted_aa': 'N', 'query_aa': 'N', 'status': 'humanized'}, {'imgt_pos': 87, 'is_vernier': False, 'mouse_aa': 'V', 'grafted_aa': 'L', 'query_aa': 'L', 'status': 'humanized'}, {'imgt_pos': 89, 'is_vernier': False, 'mouse_aa': 'M', 'grafted_aa': 'L', 'query_aa': 'L', 'status': 'humanized'}, {'imgt_pos': 90, 'is_vernier': False, 'mouse_aa': 'E', 'grafted_aa': 'Q', 'query_aa': 'Q', 'status': 'humanized'}, {'imgt_pos': 91, 'is_vernier': False, 'mouse_aa': 'L', 'grafted_aa': 'M', 'query_aa': 'M', 'status': 'humanized'}, {'imgt_pos': 92, 'is_vernier': False, 'mouse_aa': 'S', 'grafted_aa': 'N', 'query_aa': 'N', 'status': 'humanized'}, {'imgt_pos': 93, 'is_vernier': True, 'mouse_aa': 'R', 'grafted_aa': 'S', 'query_aa': 'S', 'status': 'humanized'}, {'imgt_pos': 95, 'is_vernier': False, 'mouse_aa': 'T', 'grafted_aa': 'R', 'query_aa': 'R', 'status': 'humanized'}, {'imgt_pos': 96, 'is_vernier': False, 'mouse_aa': 'S', 'grafted_aa': 'A', 'query_aa': 'A', 'status': 'humanized'}, {'imgt_pos': 99, 'is_vernier': False, 'mouse_aa': 'S', 'grafted_aa': 'T', 'query_aa': 'T', 'status': 'humanized'}, {'imgt_pos': 103, 'is_vernier': False, 'mouse_aa': 'F', 'grafted_aa': 'Y', 'query_aa': 'Y', 'status': 'humanized'}, {'imgt_pos': 123, 'is_vernier': False, 'mouse_aa': 'T', 'grafted_aa': 'L', 'query_aa': 'L', 'status': 'humanized'}, {'imgt_pos': 124, 'is_vernier': False, 'mouse_aa': 'L', 'grafted_aa': 'V', 'query_aa': 'V', 'status': 'humanized'}]",3,11,11,"[{'imgt_pos': 7, 'is_vernier': False, 'mouse_aa': 'T', 'grafted_aa': 'S', 'query_aa': 'S', 'status': 'humanized'}, {'imgt_pos': 8, 'is_vernier': False, 'mouse_aa': 'T', 'grafted_aa': 'P', 'query_aa': 'P', 'status': 'humanized'}, {'imgt_pos': 15, 'is_vernier': False, 'mouse_aa': 'L', 'grafted_aa': 'V', 'query_aa': 'V', 'status': 'humanized'}, {'imgt_pos': 47, 'is_vernier': True, 'mouse_aa': 'D', 'grafted_aa': 'G', 'query_aa': 'G', 'status': 'humanized'}, {'imgt_pos': 48, 'is_vernier': True, 'mouse_aa': 'G', 'grafted_aa': 'K', 'query_aa': 'K', 'status': 'humanized'}, {'imgt_pos': 49, 'is_vernier': True, 'mouse_aa': 'T', 'grafted_aa': 'A', 'query_aa': 'A', 'status': 'humanized'}, {'imgt_pos': 50, 'is_vernier': False, 'mouse_aa': 'V', 'grafted_aa': 'P', 'query_aa': 'P', 'status': 'humanized'}, {'imgt_pos': 87, 'is_vernier': False, 'mouse_aa': 'Y', 'grafted_aa': 'F', 'query_aa': 'F', 'status': 'humanized'}, {'imgt_pos': 88, 'is_vernier': False, 'mouse_aa': 'S', 'grafted_aa': 'T', 'query_aa': 'T', 'status': 'humanized'}, {'imgt_pos': 93, 'is_vernier': False, 'mouse_aa': 'N', 'grafted_aa': 'S', 'query_aa': 'S', 'status': 'humanized'}, {'imgt_pos': 95, 'is_vernier': False, 'mouse_aa': 'E', 'grafted_aa': 'Q', 'query_aa': 'Q', 'status': 'humanized'}, {'imgt_pos': 99, 'is_vernier': False, 'mouse_aa': 'I', 'grafted_aa': 'F', 'query_aa': 'F', 'status': 'humanized'}, {'imgt_pos': 120, 'is_vernier': False, 'mouse_aa': 'G', 'grafted_aa': 'Q', 'query_aa': 'Q', 'status': 'humanized'}, {'imgt_pos': 126, 'is_vernier': False, 'mouse_aa': 'L', 'grafted_aa': 'I', 'query_aa': 'I', 'status': 'humanized'}]",89.52,95.3,92.22,65.38,97.75,92.97,95.78,-0.3102,-0.1802,-0.3545,28,-0.3534,-0.2888,-0.3665,22,3,5,1,0,0,0,2,0,0,0,6.84,8.85,8.3,3.1,35,4,14,3,0.842,0.953,0.1667,0.0606,-2,0,,,,,,,,,,,,,,,,,,,,,,,,,,,,,,,,,,,,,,,,,,
2E8,level_3_conflict_positions,,,,,,,,,,,,,,,,,,,,,,,,,,,,,,,,,,,,,,,,,,,,,,,,,,,,,,,,,,,,,,,,,,,,,,,,,,,,,,,,,,,,,,,,,,,,,,,,,,,,7,7,0,"[{'imgt_pos': 54, 'mouse_aa': 'G', 'seq3_aa': 'A', 'seq5_aa': 'G', 'seq6_aa': 'S', 'lab_decision': 'back_mutated', 'sapiens_decision': 'humanized', 'direction': 'sap_over_humanized'}, {'imgt_pos': 78, 'mouse_aa': 'L', 'seq3_aa': 'I', 'seq5_aa': 'L', 'seq6_aa': 'I', 'lab_decision': 'back_mutated', 'sapiens_decision': 'humanized', 'direction': 'sap_over_humanized'}, {'imgt_pos': 80, 'mouse_aa': 'A', 'seq3_aa': 'R', 'seq5_aa': 'A', 'seq6_aa': 'R', 'lab_decision': 'back_mutated', 'sapiens_decision': 'humanized', 'direction': 'sap_over_humanized'}, {'imgt_pos': 82, 'mouse_aa': 'K', 'seq3_aa': 'D', 'seq5_aa': 'K', 'seq6_aa': 'N', 'lab_decision': 'back_mutated', 'sapiens_decision': 'humanized', 'direction': 'sap_over_humanized'}, {'imgt_pos': 85, 'mouse_aa': 'S', 'seq3_aa': 'N', 'seq5_aa': 'S', 'seq6_aa': 'N', 'lab_decision': 'back_mutated', 'sapiens_decision': 'humanized', 'direction': 'sap_over_humanized'}, {'imgt_pos': 87, 'mouse_aa': 'V', 'seq3_aa': 'L', 'seq5_aa': 'V', 'seq6_aa': 'L', 'lab_decision': 'back_mutated', 'sapiens_decision': 'humanized', 'direction': 'sap_over_humanized'}, {'imgt_pos': 103, 'mouse_aa': 'F', 'seq3_aa': 'Y', 'seq5_aa': 'F', 'seq6_aa': 'Y', 'lab_decision': 'back_mutated', 'sapiens_decision': 'humanized', 'direction': 'sap_over_humanized'}]",27,1,0,1,"[{'imgt_pos': 124, 'mouse_aa': 'L', 'seq3_aa': 'V', 'seq5_aa': 'V', 'seq6_aa': 'L', 'lab_decision': 'humanized', 'sapiens_decision': 'back_mutated', 'direction': 'sap_over_conservative'}]",14,,,,,,,,,,,,,,
2E8,level_4_validation,,,,,,,,,,,,,,,,,,,,,,,,,,,,,,,,,,,,,,,,,,,,,,,,,,,,,,,,,,,,,,,,,,,,,,,,,,,,,,,,,,,,,,,,,,,,,,,,,,,,,,,,,,,,,,0.958,0.991,0.978,0.989,7,7,0,0,0.9,0.991,1,"[{'imgt_pos': 24, 'mouse_aa': 'K', 'seq5_aa': 'K', 'seq7_aa': 'A'}]",0,[]
Ab21,level_0_baseline,IGHV1-69-2*01,IGKV1-NL1*01,0.792,0.841,2,1,2,0,4,0,6,16,9,0,1,0,0,0,2,0,0,0.792,0.841,,,,,,,,,,,,,,,,,,,,,,,,,,,,,,,,,,,,,,,,,,,,,,,,,,,,,,,,,,,,,,,,,,,,,,,,,,,,,,,,,,,,,,,,,,,,,,,,,,,,
Ab21,level_1_seq0_scorecard,,,,,0,1,0,0,0,0,,,,,,,,,,,,,,0.7628,0.7391,0.79,0.4375,0.8554,0.5263,0.8519,0.8,0.911,IGHV1-69*02,IGKV1-5*01,0,15,0,"[{'imgt_pos': 5, 'is_vernier': False, 'mouse_aa': 'Q', 'grafted_aa': None, 'query_aa': 'V', 'status': 'humanized_by_sapiens'}, {'imgt_pos': 9, 'is_vernier': False, 'mouse_aa': 'P', 'grafted_aa': None, 'query_aa': 'A', 'status': 'humanized_by_sapiens'}, {'imgt_pos': 13, 'is_vernier': False, 'mouse_aa': 'E', 'grafted_aa': None, 'query_aa': 'K', 'status': 'humanized_by_sapiens'}, {'imgt_pos': 43, 'is_vernier': False, 'mouse_aa': 'K', 'grafted_aa': None, 'query_aa': 'R', 'status': 'humanized_by_sapiens'}, {'imgt_pos': 45, 'is_vernier': False, 'mouse_aa': 'S', 'grafted_aa': None, 'query_aa': 'A', 'status': 'humanized_by_sapiens'}, {'imgt_pos': 46, 'is_vernier': False, 'mouse_aa': 'N', 'grafted_aa': None, 'query_aa': 'P', 'status': 'humanized_by_sapiens'}, {'imgt_pos': 49, 'is_vernier': False, 'mouse_aa': 'S', 'grafted_aa': None, 'query_aa': 'G', 'status': 'humanized_by_sapiens'}, {'imgt_pos': 53, 'is_vernier': False, 'mouse_aa': 'I', 'grafted_aa': None, 'query_aa': 'M', 'status': 'humanized_by_sapiens'}, {'imgt_pos': 55, 'is_vernier': False, 'mouse_aa': 'N', 'grafted_aa': None, 'query_aa': 'R', 'status': 'humanized_by_sapiens'}, {'imgt_pos': 68, 'is_vernier': False, 'mouse_aa': 'N', 'grafted_aa': None, 'query_aa': 'A', 'status': 'humanized_by_sapiens'}, {'imgt_pos': 75, 'is_vernier': False, 'mouse_aa': 'K', 'grafted_aa': None, 'query_aa': 'R', 'status': 'humanized_by_sapiens'}, {'imgt_pos': 76, 'is_vernier': False, 'mouse_aa': 'A', 'grafted_aa': None, 'query_aa': 'V', 'status': 'humanized_by_sapiens'}, {'imgt_pos': 92, 'is_vernier': False, 'mouse_aa': 'K', 'grafted_aa': None, 'query_aa': 'S', 'status': 'humanized_by_sapiens'}, {'imgt_pos': 99, 'is_vernier': False, 'mouse_aa': 'S', 'grafted_aa': None, 'query_aa': 'T', 'status': 'humanized_by_sapiens'}, {'imgt_pos': 120, 'is_vernier': False, 'mouse_aa': 'A', 'grafted_aa': None, 'query_aa': 'K', 'status': 'humanized_by_sapiens'}]",0,13,0,"[{'imgt_pos': 8, 'is_vernier': False, 'mouse_aa': 'S', 'grafted_aa': None, 'query_aa': 'P', 'status': 'humanized_by_sapiens'}, {'imgt_pos': 10, 'is_vernier': False, 'mouse_aa': 'Y', 'grafted_aa': None, 'query_aa': 'T', 'status': 'humanized_by_sapiens'}, {'imgt_pos': 13, 'is_vernier': False, 'mouse_aa': 'V', 'grafted_aa': None, 'query_aa': 'A', 'status': 'humanized_by_sapiens'}, {'imgt_pos': 15, 'is_vernier': False, 'mouse_aa': 'L', 'grafted_aa': None, 'query_aa': 'V', 'status': 'humanized_by_sapiens'}, {'imgt_pos': 17, 'is_vernier': False, 'mouse_aa': 'G', 'grafted_aa': None, 'query_aa': 'D', 'status': 'humanized_by_sapiens'}, {'imgt_pos': 24, 'is_vernier': False, 'mouse_aa': 'K', 'grafted_aa': None, 'query_aa': 'R', 'status': 'humanized_by_sapiens'}, {'imgt_pos': 48, 'is_vernier': True, 'mouse_aa': 'N', 'grafted_aa': None, 'query_aa': 'K', 'status': 'humanized_by_sapiens'}, {'imgt_pos': 85, 'is_vernier': False, 'mouse_aa': 'K', 'grafted_aa': None, 'query_aa': 'T', 'status': 'humanized_by_sapiens'}, {'imgt_pos': 87, 'is_vernier': False, 'mouse_aa': 'Y', 'grafted_aa': None, 'query_aa': 'F', 'status': 'humanized_by_sapiens'}, {'imgt_pos': 90, 'is_vernier': False, 'mouse_aa': 'S', 'grafted_aa': None, 'query_aa': 'T', 'status': 'humanized_by_sapiens'}, {'imgt_pos': 96, 'is_vernier': False, 'mouse_aa': 'T', 'grafted_aa': None, 'query_aa': 'P', 'status': 'humanized_by_sapiens'}, {'imgt_pos': 100, 'is_vernier': False, 'mouse_aa': 'V', 'grafted_aa': None, 'query_aa': 'A', 'status': 'humanized_by_sapiens'}, {'imgt_pos': 120, 'is_vernier': False, 'mouse_aa': 'S', 'grafted_aa': None, 'query_aa': 'G', 'status': 'humanized_by_sapiens'}, {'imgt_pos': 124, 'is_vernier': False, 'mouse_aa': 'L', 'grafted_aa': None, 'query_aa': 'V', 'status': 'humanized_by_sapiens'}]",91.48,93.74,92.54,78.36,96.09,84.2,95.78,-0.3956,-0.3526,-0.4107,40,-0.3174,-0.1582,-0.3514,22,0,6,0,0,0,0,2,0,0,0,9.34,6.84,8.83,5.1,15,0,14,1,0.892,0.888,0.1043,-0.008,-2,0,,,,,,,,,,,,,,,,,,,,,,,,,,,,,,,,,,,,,,,,,,
Ab21,level_2_seq2_scorecard,,,,,3,1,0,0,0,1,,,,,,,,,,,,,,0.8411,0.8435,0.8384,0.5938,0.9398,0.6667,0.8765,1.0,0.949,IGHV1-3*01,IGKV1-5*01,3,21,21,"[{'imgt_pos': 1, 'is_vernier': False, 'mouse_aa': 'E', 'grafted_aa': 'Q', 'query_aa': 'Q', 'status': 'humanized'}, {'imgt_pos': 5, 'is_vernier': False, 'mouse_aa': 'Q', 'grafted_aa': 'V', 'query_aa': 'V', 'status': 'humanized'}, {'imgt_pos': 9, 'is_vernier': False, 'mouse_aa': 'P', 'grafted_aa': 'A', 'query_aa': 'A', 'status': 'humanized'}, {'imgt_pos': 12, 'is_vernier': False, 'mouse_aa': 'L', 'grafted_aa': 'V', 'query_aa': 'V', 'status': 'humanized'}, {'imgt_pos': 13, 'is_vernier': False, 'mouse_aa': 'E', 'grafted_aa': 'K', 'query_aa': 'K', 'status': 'humanized'}, {'imgt_pos': 21, 'is_vernier': False, 'mouse_aa': 'I', 'grafted_aa': 'V', 'query_aa': 'V', 'status': 'humanized'}, {'imgt_pos': 43, 'is_vernier': False, 'mouse_aa': 'K', 'grafted_aa': 'R', 'query_aa': 'R', 'status': 'humanized'}, {'imgt_pos': 45, 'is_vernier': False, 'mouse_aa': 'S', 'grafted_aa': 'A', 'query_aa': 'A', 'status': 'humanized'}, {'imgt_pos': 46, 'is_vernier': False, 'mouse_aa': 'N', 'grafted_aa': 'P', 'query_aa': 'P', 'status': 'humanized'}, {'imgt_pos': 48, 'is_vernier': True, 'mouse_aa': 'K', 'grafted_aa': 'Q', 'query_aa': 'Q', 'status': 'humanized'}, {'imgt_pos': 49, 'is_vernier': False, 'mouse_aa': 'S', 'grafted_aa': 'R', 'query_aa': 'R', 'status': 'humanized'}, {'imgt_pos': 53, 'is_vernier': False, 'mouse_aa': 'I', 'grafted_aa': 'M', 'query_aa': 'M', 'status': 'humanized'}, {'imgt_pos': 75, 'is_vernier': False, 'mouse_aa': 'K', 'grafted_aa': 'R', 'query_aa': 'R', 'status': 'humanized'}, {'imgt_pos': 76, 'is_vernier': False, 'mouse_aa': 'A', 'grafted_aa': 'V', 'query_aa': 'V', 'status': 'humanized'}, {'imgt_pos': 78, 'is_vernier': True, 'mouse_aa': 'L', 'grafted_aa': 'I', 'query_aa': 'I', 'status': 'humanized'}, {'imgt_pos': 80, 'is_vernier': True, 'mouse_aa': 'V', 'grafted_aa': 'R', 'query_aa': 'R', 'status': 'humanized'}, {'imgt_pos': 82, 'is_vernier': False, 'mouse_aa': 'K', 'grafted_aa': 'T', 'query_aa': 'T', 'status': 'humanized'}, {'imgt_pos': 84, 'is_vernier': False, 'mouse_aa': 'S', 'grafted_aa': 'A', 'query_aa': 'A', 'status': 'humanized'}, {'imgt_pos': 90, 'is_vernier': False, 'mouse_aa': 'Q', 'grafted_aa': 'E', 'query_aa': 'E', 'status': 'humanized'}, {'imgt_pos': 92, 'is_vernier': False, 'mouse_aa': 'K', 'grafted_aa': 'S', 'query_aa': 'S', 'status': 'humanized'}, {'imgt_pos': 95, 'is_vernier': False, 'mouse_aa': 'T', 'grafted_aa': 'R', 'query_aa': 'R', 'status': 'humanized'}, {'imgt_pos': 99, 'is_vernier': False, 'mouse_aa': 'S', 'grafted_aa': 'T', 'query_aa': 'T', 'status': 'humanized'}, {'imgt_pos': 120, 'is_vernier': False, 'mouse_aa': 'A', 'grafted_aa': 'R', 'query_aa': 'R', 'status': 'humanized'}, {'imgt_pos': 123, 'is_vernier': False, 'mouse_aa': 'T', 'grafted_aa': 'L', 'query_aa': 'L', 'status': 'humanized'}]",1,15,14,"[{'imgt_pos': 8, 'is_vernier': False, 'mouse_aa': 'S', 'grafted_aa': 'P', 'query_aa': 'P', 'status': 'humanized'}, {'imgt_pos': 10, 'is_vernier': False, 'mouse_aa': 'Y', 'grafted_aa': 'S', 'query_aa': 'S', 'status': 'humanized'}, {'imgt_pos': 13, 'is_vernier': False, 'mouse_aa': 'V', 'grafted_aa': 'A', 'query_aa': 'A', 'status': 'humanized'}, {'imgt_pos': 15, 'is_vernier': False, 'mouse_aa': 'L', 'grafted_aa': 'V', 'query_aa': 'V', 'status': 'humanized'}, {'imgt_pos': 17, 'is_vernier': False, 'mouse_aa': 'G', 'grafted_aa': 'D', 'query_aa': 'D', 'status': 'humanized'}, {'imgt_pos': 48, 'is_vernier': True, 'mouse_aa': 'N', 'grafted_aa': 'K', 'query_aa': 'K', 'status': 'humanized'}, {'imgt_pos': 51, 'is_vernier': False, 'mouse_aa': 'R', 'grafted_aa': 'K', 'query_aa': 'K', 'status': 'humanized'}, {'imgt_pos': 54, 'is_vernier': False, 'mouse_aa': 'I', 'grafted_aa': 'L', 'query_aa': 'I', 'status': 'back_mutated'}, {'imgt_pos': 55, 'is_vernier': False, 'mouse_aa': 'S', 'grafted_aa': 'Y', 'query_aa': 'Y', 'status': 'humanized'}, {'imgt_pos': 85, 'is_vernier': False, 'mouse_aa': 'K', 'grafted_aa': 'T', 'query_aa': 'T', 'status': 'humanized'}, {'imgt_pos': 90, 'is_vernier': False, 'mouse_aa': 'S', 'grafted_aa': 'T', 'query_aa': 'T', 'status': 'humanized'}, {'imgt_pos': 92, 'is_vernier': False, 'mouse_aa': 'T', 'grafted_aa': 'S', 'query_aa': 'S', 'status': 'humanized'}, {'imgt_pos': 96, 'is_vernier': False, 'mouse_aa': 'T', 'grafted_aa': 'P', 'query_aa': 'P', 'status': 'humanized'}, {'imgt_pos': 99, 'is_vernier': False, 'mouse_aa': 'V', 'grafted_aa': 'F', 'query_aa': 'F', 'status': 'humanized'}, {'imgt_pos': 100, 'is_vernier': False, 'mouse_aa': 'V', 'grafted_aa': 'A', 'query_aa': 'A', 'status': 'humanized'}, {'imgt_pos': 120, 'is_vernier': False, 'mouse_aa': 'S', 'grafted_aa': 'Q', 'query_aa': 'Q', 'status': 'humanized'}]",90.18,96.96,93.33,72.04,96.55,96.34,97.08,-0.397,-0.3308,-0.4203,47,-0.3326,-0.1694,-0.3656,22,0,7,0,0,0,0,2,0,0,0,9.38,6.84,8.83,5.2,24,3,16,1,0.833,0.963,0.2087,0.0404,-2,0,,,,,,,,,,,,,,,,,,,,,,,,,,,,,,,,,,,,,,,,,,
Ab21,level_2_germline_selection,,,,,,,,,,,,,,,,,,,,,,,,,,,,,,,,,,,,,,,,,,,,,,,,,,,,,,,,,,,,,,,,,,,,,,,,,,,,,,,,,,IGHV1-3*01,IGHV1-69-2*01,IGKV1-NL1*01,IGKV1-NL1*01,True,False,True,True,0.879,0.989,0.892,0.991,3,2,1,1,1,0,,,,,,,,,,,,,,,,,,,,,,,,
Ab21,level_3_seq6_scorecard,,,,,2,1,0,0,3,1,,,,,,,,,,,,,,0.8364,0.8348,0.8384,0.5938,0.9277,0.6667,0.8765,0.887,0.949,IGHV1-2*02,IGKV1-5*01,2,22,18,"[{'imgt_pos': 5, 'is_vernier': False, 'mouse_aa': 'Q', 'grafted_aa': 'V', 'query_aa': 'V', 'status': 'humanized'}, {'imgt_pos': 9, 'is_vernier': False, 'mouse_aa': 'P', 'grafted_aa': 'A', 'query_aa': 'A', 'status': 'humanized'}, {'imgt_pos': 12, 'is_vernier': False, 'mouse_aa': 'L', 'grafted_aa': 'V', 'query_aa': 'V', 'status': 'humanized'}, {'imgt_pos': 13, 'is_vernier': False, 'mouse_aa': 'E', 'grafted_aa': 'K', 'query_aa': 'K', 'status': 'humanized'}, {'imgt_pos': 18, 'is_vernier': False, 'mouse_aa': 'S', 'grafted_aa': 'T', 'query_aa': 'S', 'status': 'back_mutated'}, {'imgt_pos': 25, 'is_vernier': False, 'mouse_aa': 'A', 'grafted_aa': 'V', 'query_aa': 'A', 'status': 'back_mutated'}, {'imgt_pos': 43, 'is_vernier': False, 'mouse_aa': 'K', 'grafted_aa': 'Q', 'query_aa': 'R', 'status': 'other_substitution'}, {'imgt_pos': 45, 'is_vernier': False, 'mouse_aa': 'S', 'grafted_aa': 'A', 'query_aa': 'A', 'status': 'humanized'}, {'imgt_pos': 46, 'is_vernier': False, 'mouse_aa': 'N', 'grafted_aa': 'P', 'query_aa': 'P', 'status': 'humanized'}, {'imgt_pos': 49, 'is_vernier': False, 'mouse_aa': 'S', 'grafted_aa': 'G', 'query_aa': 'G', 'status': 'humanized'}, {'imgt_pos': 53, 'is_vernier': False, 'mouse_aa': 'I', 'grafted_aa': 'M', 'query_aa': 'M', 'status': 'humanized'}, {'imgt_pos': 75, 'is_vernier': False, 'mouse_aa': 'K', 'grafted_aa': 'R', 'query_aa': 'R', 'status': 'humanized'}, {'imgt_pos': 76, 'is_vernier': False, 'mouse_aa': 'A', 'grafted_aa': 'V', 'query_aa': 'V', 'status': 'humanized'}, {'imgt_pos': 78, 'is_vernier': True, 'mouse_aa': 'L', 'grafted_aa': 'I', 'query_aa': 'I', 'status': 'humanized'}, {'imgt_pos': 80, 'is_vernier': True, 'mouse_aa': 'V', 'grafted_aa': 'A', 'query_aa': 'A', 'status': 'humanized'}, {'imgt_pos': 82, 'is_vernier': False, 'mouse_aa': 'K', 'grafted_aa': 'T', 'query_aa': 'T', 'status': 'humanized'}, {'imgt_pos': 84, 'is_vernier': False, 'mouse_aa': 'S', 'grafted_aa': 'T', 'query_aa': 'T', 'status': 'humanized'}, {'imgt_pos': 85, 'is_vernier': False, 'mouse_aa': 'S', 'grafted_aa': 'D', 'query_aa': 'S', 'status': 'back_mutated'}, {'imgt_pos': 90, 'is_vernier': False, 'mouse_aa': 'Q', 'grafted_aa': 'E', 'query_aa': 'E', 'status': 'humanized'}, {'imgt_pos': 92, 'is_vernier': False, 'mouse_aa': 'K', 'grafted_aa': 'S', 'query_aa': 'S', 'status': 'humanized'}, {'imgt_pos': 95, 'is_vernier': False, 'mouse_aa': 'T', 'grafted_aa': 'R', 'query_aa': 'R', 'status': 'humanized'}, {'imgt_pos': 99, 'is_vernier': False, 'mouse_aa': 'S', 'grafted_aa': 'T', 'query_aa': 'T', 'status': 'humanized'}, {'imgt_pos': 120, 'is_vernier': False, 'mouse_aa': 'A', 'grafted_aa': 'R', 'query_aa': 'R', 'status': 'humanized'}, {'imgt_pos': 123, 'is_vernier': False, 'mouse_aa': 'T', 'grafted_aa': 'L', 'query_aa': 'L', 'status': 'humanized'}]",1,15,14,"[{'imgt_pos': 8, 'is_vernier': False, 'mouse_aa': 'S', 'grafted_aa': 'P', 'query_aa': 'P', 'status': 'humanized'}, {'imgt_pos': 10, 'is_vernier': False, 'mouse_aa': 'Y', 'grafted_aa': 'S', 'query_aa': 'S', 'status': 'humanized'}, {'imgt_pos': 13, 'is_vernier': False, 'mouse_aa': 'V', 'grafted_aa': 'A', 'query_aa': 'A', 'status': 'humanized'}, {'imgt_pos': 15, 'is_vernier': False, 'mouse_aa': 'L', 'grafted_aa': 'V', 'query_aa': 'V', 'status': 'humanized'}, {'imgt_pos': 17, 'is_vernier': False, 'mouse_aa': 'G', 'grafted_aa': 'D', 'query_aa': 'D', 'status': 'humanized'}, {'imgt_pos': 48, 'is_vernier': True, 'mouse_aa': 'N', 'grafted_aa': 'K', 'query_aa': 'K', 'status': 'humanized'}, {'imgt_pos': 51, 'is_vernier': False, 'mouse_aa': 'R', 'grafted_aa': 'K', 'query_aa': 'K', 'status': 'humanized'}, {'imgt_pos': 54, 'is_vernier': False, 'mouse_aa': 'I', 'grafted_aa': 'L', 'query_aa': 'I', 'status': 'back_mutated'}, {'imgt_pos': 55, 'is_vernier': False, 'mouse_aa': 'S', 'grafted_aa': 'Y', 'query_aa': 'Y', 'status': 'humanized'}, {'imgt_pos': 85, 'is_vernier': False, 'mouse_aa': 'K', 'grafted_aa': 'T', 'query_aa': 'T', 'status': 'humanized'}, {'imgt_pos': 90, 'is_vernier': False, 'mouse_aa': 'S', 'grafted_aa': 'T', 'query_aa': 'T', 'status': 'humanized'}, {'imgt_pos': 92, 'is_vernier': False, 'mouse_aa': 'T', 'grafted_aa': 'S', 'query_aa': 'S', 'status': 'humanized'}, {'imgt_pos': 96, 'is_vernier': False, 'mouse_aa': 'T', 'grafted_aa': 'P', 'query_aa': 'P', 'status': 'humanized'}, {'imgt_pos': 99, 'is_vernier': False, 'mouse_aa': 'V', 'grafted_aa': 'F', 'query_aa': 'F', 'status': 'humanized'}, {'imgt_pos': 100, 'is_vernier': False, 'mouse_aa': 'V', 'grafted_aa': 'A', 'query_aa': 'A', 'status': 'humanized'}, {'imgt_pos': 120, 'is_vernier': False, 'mouse_aa': 'S', 'grafted_aa': 'Q', 'query_aa': 'Q', 'status': 'humanized'}]",85.6,94.7,89.84,69.27,91.35,92.14,95.22,-0.3182,-0.2486,-0.3427,26,-0.3326,-0.1694,-0.3656,22,0,7,0,0,0,0,2,0,0,0,7.85,6.84,7.62,1.2,24,2,16,1,0.858,0.963,0.2,0.0404,-2,0,,,,,,,,,,,,,,,,,,,,,,,,,,,,,,,,,,,,,,,,,,
Ab21,level_3_conflict_positions,,,,,,,,,,,,,,,,,,,,,,,,,,,,,,,,,,,,,,,,,,,,,,,,,,,,,,,,,,,,,,,,,,,,,,,,,,,,,,,,,,,,,,,,,,,,,,,,,,,,7,5,2,"[{'imgt_pos': 18, 'mouse_aa': 'S', 'seq3_aa': 'T', 'seq5_aa': 'T', 'seq6_aa': 'S', 'lab_decision': 'humanized', 'sapiens_decision': 'back_mutated', 'direction': 'sap_over_conservative'}, {'imgt_pos': 25, 'mouse_aa': 'A', 'seq3_aa': 'V', 'seq5_aa': 'V', 'seq6_aa': 'A', 'lab_decision': 'humanized', 'sapiens_decision': 'back_mutated', 'direction': 'sap_over_conservative'}, {'imgt_pos': 75, 'mouse_aa': 'K', 'seq3_aa': 'R', 'seq5_aa': 'K', 'seq6_aa': 'R', 'lab_decision': 'back_mutated', 'sapiens_decision': 'humanized', 'direction': 'sap_over_humanized'}, {'imgt_pos': 76, 'mouse_aa': 'A', 'seq3_aa': 'V', 'seq5_aa': 'A', 'seq6_aa': 'V', 'lab_decision': 'back_mutated', 'sapiens_decision': 'humanized', 'direction': 'sap_over_humanized'}, {'imgt_pos': 78, 'mouse_aa': 'L', 'seq3_aa': 'I', 'seq5_aa': 'L', 'seq6_aa': 'I', 'lab_decision': 'back_mutated', 'sapiens_decision': 'humanized', 'direction': 'sap_over_humanized'}, {'imgt_pos': 80, 'mouse_aa': 'V', 'seq3_aa': 'A', 'seq5_aa': 'V', 'seq6_aa': 'A', 'lab_decision': 'back_mutated', 'sapiens_decision': 'humanized', 'direction': 'sap_over_humanized'}, {'imgt_pos': 82, 'mouse_aa': 'K', 'seq3_aa': 'T', 'seq5_aa': 'K', 'seq6_aa': 'T', 'lab_decision': 'back_mutated', 'sapiens_decision': 'humanized', 'direction': 'sap_over_humanized'}]",17,2,0,2,"[{'imgt_pos': 54, 'mouse_aa': 'I', 'seq3_aa': 'L', 'seq5_aa': 'L', 'seq6_aa': 'I', 'lab_decision': 'humanized', 'sapiens_decision': 'back_mutated', 'direction': 'sap_over_conservative'}, {'imgt_pos': 124, 'mouse_aa': 'L', 'seq3_aa': 'V', 'seq5_aa': 'V', 'seq6_aa': 'L', 'lab_decision': 'humanized', 'sapiens_decision': 'back_mutated', 'direction': 'sap_over_conservative'}]",15,,,,,,,,,,,,,,
Ab21,level_4_validation,,,,,,,,,,,,,,,,,,,,,,,,,,,,,,,,,,,,,,,,,,,,,,,,,,,,,,,,,,,,,,,,,,,,,,,,,,,,,,,,,,,,,,,,,,,,,,,,,,,,,,,,,,,,,,0.975,0.991,0.989,0.989,6,6,0,0,0.933,0.991,0,[],0,[]
10H5,level_0_baseline,IGHV1-46*01,IGKV1-39*01,0.804,0.776,3,4,2,1,2,6,11,5,9,1,1,1,0,0,0,1,0,0.804,0.776,,,,,,,,,,,,,,,,,,,,,,,,,,,,,,,,,,,,,,,,,,,,,,,,,,,,,,,,,,,,,,,,,,,,,,,,,,,,,,,,,,,,,,,,,,,,,,,,,,,,
10H5,level_1_seq0_scorecard,,,,,0,4,0,0,0,0,,,,,,,,,,,,,,0.8818,0.8077,0.9596,0.5714,0.8675,0.8333,0.9877,0.838,0.924,IGHV1-69*02,IGKV1-12*01,0,14,0,"[{'imgt_pos': 3, 'is_vernier': False, 'mouse_aa': 'K', 'grafted_aa': None, 'query_aa': 'Q', 'status': 'humanized_by_sapiens'}, {'imgt_pos': 5, 'is_vernier': False, 'mouse_aa': 'Q', 'grafted_aa': None, 'query_aa': 'V', 'status': 'humanized_by_sapiens'}, {'imgt_pos': 12, 'is_vernier': False, 'mouse_aa': 'L', 'grafted_aa': None, 'query_aa': 'V', 'status': 'humanized_by_sapiens'}, {'imgt_pos': 13, 'is_vernier': False, 'mouse_aa': 'V', 'grafted_aa': None, 'query_aa': 'K', 'status': 'humanized_by_sapiens'}, {'imgt_pos': 43, 'is_vernier': False, 'mouse_aa': 'K', 'grafted_aa': None, 'query_aa': 'R', 'status': 'humanized_by_sapiens'}, {'imgt_pos': 45, 'is_vernier': False, 'mouse_aa': 'R', 'grafted_aa': None, 'query_aa': 'A', 'status': 'humanized_by_sapiens'}, {'imgt_pos': 55, 'is_vernier': False, 'mouse_aa': 'Q', 'grafted_aa': None, 'query_aa': 'I', 'status': 'humanized_by_sapiens'}, {'imgt_pos': 68, 'is_vernier': False, 'mouse_aa': 'N', 'grafted_aa': None, 'query_aa': 'A', 'status': 'humanized_by_sapiens'}, {'imgt_pos': 72, 'is_vernier': False, 'mouse_aa': 'K', 'grafted_aa': None, 'query_aa': 'Q', 'status': 'humanized_by_sapiens'}, {'imgt_pos': 75, 'is_vernier': False, 'mouse_aa': 'K', 'grafted_aa': None, 'query_aa': 'R', 'status': 'humanized_by_sapiens'}, {'imgt_pos': 76, 'is_vernier': False, 'mouse_aa': 'A', 'grafted_aa': None, 'query_aa': 'V', 'status': 'humanized_by_sapiens'}, {'imgt_pos': 90, 'is_vernier': False, 'mouse_aa': 'Q', 'grafted_aa': None, 'query_aa': 'E', 'status': 'humanized_by_sapiens'}, {'imgt_pos': 99, 'is_vernier': False, 'mouse_aa': 'S', 'grafted_aa': None, 'query_aa': 'T', 'status': 'humanized_by_sapiens'}, {'imgt_pos': 123, 'is_vernier': False, 'mouse_aa': 'T', 'grafted_aa': None, 'query_aa': 'L', 'status': 'humanized_by_sapiens'}]",0,16,0,"[{'imgt_pos': 3, 'is_vernier': False, 'mouse_aa': 'E', 'grafted_aa': None, 'query_aa': 'Q', 'status': 'humanized_by_sapiens'}, {'imgt_pos': 17, 'is_vernier': False, 'mouse_aa': 'E', 'grafted_aa': None, 'query_aa': 'D', 'status': 'humanized_by_sapiens'}, {'imgt_pos': 20, 'is_vernier': False, 'mouse_aa': 'S', 'grafted_aa': None, 'query_aa': 'T', 'status': 'humanized_by_sapiens'}, {'imgt_pos': 40, 'is_vernier': False, 'mouse_aa': 'I', 'grafted_aa': None, 'query_aa': 'A', 'status': 'humanized_by_sapiens'}, {'imgt_pos': 42, 'is_vernier': False, 'mouse_aa': 'L', 'grafted_aa': None, 'query_aa': 'Y', 'status': 'humanized_by_sapiens'}, {'imgt_pos': 45, 'is_vernier': False, 'mouse_aa': 'E', 'grafted_aa': None, 'query_aa': 'K', 'status': 'humanized_by_sapiens'}, {'imgt_pos': 47, 'is_vernier': True, 'mouse_aa': 'D', 'grafted_aa': None, 'query_aa': 'G', 'status': 'humanized_by_sapiens'}, {'imgt_pos': 48, 'is_vernier': True, 'mouse_aa': 'G', 'grafted_aa': None, 'query_aa': 'K', 'status': 'humanized_by_sapiens'}, {'imgt_pos': 49, 'is_vernier': True, 'mouse_aa': 'T', 'grafted_aa': None, 'query_aa': 'A', 'status': 'humanized_by_sapiens'}, {'imgt_pos': 50, 'is_vernier': False, 'mouse_aa': 'I', 'grafted_aa': None, 'query_aa': 'P', 'status': 'humanized_by_sapiens'}, {'imgt_pos': 52, 'is_vernier': False, 'mouse_aa': 'R', 'grafted_aa': None, 'query_aa': 'L', 'status': 'humanized_by_sapiens'}, {'imgt_pos': 68, 'is_vernier': True, 'mouse_aa': 'D', 'grafted_aa': None, 'query_aa': 'Q', 'status': 'humanized_by_sapiens'}, {'imgt_pos': 74, 'is_vernier': False, 'mouse_aa': 'K', 'grafted_aa': None, 'query_aa': 'S', 'status': 'humanized_by_sapiens'}, {'imgt_pos': 80, 'is_vernier': False, 'mouse_aa': 'R', 'grafted_aa': None, 'query_aa': 'G', 'status': 'humanized_by_sapiens'}, {'imgt_pos': 86, 'is_vernier': False, 'mouse_aa': 'S', 'grafted_aa': None, 'query_aa': 'D', 'status': 'humanized_by_sapiens'}, {'imgt_pos': 87, 'is_vernier': False, 'mouse_aa': 'Y', 'grafted_aa': None, 'query_aa': 'F', 'status': 'humanized_by_sapiens'}, {'imgt_pos': 94, 'is_vernier': False, 'mouse_aa': 'V', 'grafted_aa': None, 'query_aa': 'L', 'status': 'humanized_by_sapiens'}, {'imgt_pos': 95, 'is_vernier': False, 'mouse_aa': 'E', 'grafted_aa': None, 'query_aa': 'Q', 'status': 'humanized_by_sapiens'}, {'imgt_pos': 99, 'is_vernier': False, 'mouse_aa': 'A', 'grafted_aa': None, 'query_aa': 'F', 'status': 'humanized_by_sapiens'}, {'imgt_pos': 120, 'is_vernier': False, 'mouse_aa': 'S', 'grafted_aa': None, 'query_aa': 'Q', 'status': 'humanized_by_sapiens'}]",95.09,95.92,95.49,92.43,95.7,92.22,96.66,-0.2817,-0.091,-0.3257,34,-0.3551,-0.2728,-0.3717,21,0,4,0,0,0,0,1,0,0,0,7.86,6.28,7.6,1.0,14,0,20,4,0.92,0.879,0.0673,0.1717,-2,-1,,,,,,,,,,,,,,,,,,,,,,,,,,,,,,,,,,,,,,,,,,
10H5,level_2_seq2_scorecard,,,,,2,4,0,0,0,0,,,,,,,,,,,,,,0.9113,0.8558,0.9697,0.619,0.9157,0.8889,0.9877,0.95,0.987,IGHV1-69*02,IGKV1-16*01,2,16,16,"[{'imgt_pos': 3, 'is_vernier': False, 'mouse_aa': 'K', 'grafted_aa': 'Q', 'query_aa': 'Q', 'status': 'humanized'}, {'imgt_pos': 5, 'is_vernier': False, 'mouse_aa': 'Q', 'grafted_aa': 'V', 'query_aa': 'V', 'status': 'humanized'}, {'imgt_pos': 12, 'is_vernier': False, 'mouse_aa': 'L', 'grafted_aa': 'V', 'query_aa': 'V', 'status': 'humanized'}, {'imgt_pos': 13, 'is_vernier': False, 'mouse_aa': 'V', 'grafted_aa': 'K', 'query_aa': 'K', 'status': 'humanized'}, {'imgt_pos': 17, 'is_vernier': False, 'mouse_aa': 'A', 'grafted_aa': 'S', 'query_aa': 'S', 'status': 'humanized'}, {'imgt_pos': 21, 'is_vernier': False, 'mouse_aa': 'I', 'grafted_aa': 'V', 'query_aa': 'V', 'status': 'humanized'}, {'imgt_pos': 43, 'is_vernier': False, 'mouse_aa': 'K', 'grafted_aa': 'R', 'query_aa': 'R', 'status': 'humanized'}, {'imgt_pos': 45, 'is_vernier': False, 'mouse_aa': 'R', 'grafted_aa': 'A', 'query_aa': 'A', 'status': 'humanized'}, {'imgt_pos': 48, 'is_vernier': True, 'mouse_aa': 'K', 'grafted_aa': 'Q', 'query_aa': 'Q', 'status': 'humanized'}, {'imgt_pos': 53, 'is_vernier': False, 'mouse_aa': 'I', 'grafted_aa': 'M', 'query_aa': 'M', 'status': 'humanized'}, {'imgt_pos': 75, 'is_vernier': False, 'mouse_aa': 'K', 'grafted_aa': 'R', 'query_aa': 'R', 'status': 'humanized'}, {'imgt_pos': 76, 'is_vernier': False, 'mouse_aa': 'A', 'grafted_aa': 'V', 'query_aa': 'V', 'status': 'humanized'}, {'imgt_pos': 78, 'is_vernier': True, 'mouse_aa': 'L', 'grafted_aa': 'I', 'query_aa': 'I', 'status': 'humanized'}, {'imgt_pos': 84, 'is_vernier': False, 'mouse_aa': 'S', 'grafted_aa': 'T', 'query_aa': 'T', 'status': 'humanized'}, {'imgt_pos': 90, 'is_vernier': False, 'mouse_aa': 'Q', 'grafted_aa': 'E', 'query_aa': 'E', 'status': 'humanized'}, {'imgt_pos': 95, 'is_vernier': False, 'mouse_aa': 'T', 'grafted_aa': 'R', 'query_aa': 'R', 'status': 'humanized'}, {'imgt_pos': 99, 'is_vernier': False, 'mouse_aa': 'S', 'grafted_aa': 'T', 'query_aa': 'T', 'status': 'humanized'}, {'imgt_pos': 103, 'is_vernier': False, 'mouse_aa': 'F', 'grafted_aa': 'Y', 'query_aa': 'Y', 'status': 'humanized'}]",4,19,19,"[{'imgt_pos': 3, 'is_vernier': False, 'mouse_aa': 'E', 'grafted_aa': 'Q', 'query_aa': 'Q', 'status': 'humanized'}, {'imgt_pos': 4, 'is_vernier': True, 'mouse_aa': 'L', 'grafted_aa': 'M', 'query_aa': 'M', 'status': 'humanized'}, {'imgt_pos': 15, 'is_vernier': False, 'mouse_aa': 'L', 'grafted_aa': 'V', 'query_aa': 'V', 'status': 'humanized'}, {'imgt_pos': 17, 'is_vernier': False, 'mouse_aa': 'E', 'grafted_aa': 'D', 'query_aa': 'D', 'status': 'humanized'}, {'imgt_pos': 20, 'is_vernier': False, 'mouse_aa': 'S', 'grafted_aa': 'T', 'query_aa': 'T', 'status': 'humanized'}, {'imgt_pos': 21, 'is_vernier': False, 'mouse_aa': 'L', 'grafted_aa': 'I', 'query_aa': 'I', 'status': 'humanized'}, {'imgt_pos': 42, 'is_vernier': False, 'mouse_aa': 'L', 'grafted_aa': 'Y', 'query_aa': 'Y', 'status': 'humanized'}, {'imgt_pos': 45, 'is_vernier': False, 'mouse_aa': 'E', 'grafted_aa': 'K', 'query_aa': 'K', 'status': 'humanized'}, {'imgt_pos': 47, 'is_vernier': True, 'mouse_aa': 'D', 'grafted_aa': 'G', 'query_aa': 'G', 'status': 'humanized'}, {'imgt_pos': 48, 'is_vernier': True, 'mouse_aa': 'G', 'grafted_aa': 'K', 'query_aa': 'K', 'status': 'humanized'}, {'imgt_pos': 49, 'is_vernier': True, 'mouse_aa': 'T', 'grafted_aa': 'A', 'query_aa': 'A', 'status': 'humanized'}, {'imgt_pos': 50, 'is_vernier': False, 'mouse_aa': 'I', 'grafted_aa': 'P', 'query_aa': 'P', 'status': 'humanized'}, {'imgt_pos': 74, 'is_vernier': False, 'mouse_aa': 'K', 'grafted_aa': 'S', 'query_aa': 'S', 'status': 'humanized'}, {'imgt_pos': 80, 'is_vernier': False, 'mouse_aa': 'R', 'grafted_aa': 'G', 'query_aa': 'G', 'status': 'humanized'}, {'imgt_pos': 86, 'is_vernier': False, 'mouse_aa': 'S', 'grafted_aa': 'E', 'query_aa': 'E', 'status': 'humanized'}, {'imgt_pos': 87, 'is_vernier': False, 'mouse_aa': 'Y', 'grafted_aa': 'F', 'query_aa': 'F', 'status': 'humanized'}, {'imgt_pos': 88, 'is_vernier': False, 'mouse_aa': 'S', 'grafted_aa': 'T', 'query_aa': 'T', 'status': 'humanized'}, {'imgt_pos': 94, 'is_vernier': False, 'mouse_aa': 'V', 'grafted_aa': 'L', 'query_aa': 'L', 'status': 'humanized'}, {'imgt_pos': 95, 'is_vernier': False, 'mouse_aa': 'E', 'grafted_aa': 'Q', 'query_aa': 'Q', 'status': 'humanized'}, {'imgt_pos': 96, 'is_vernier': False, 'mouse_aa': 'A', 'grafted_aa': 'P', 'query_aa': 'P', 'status': 'humanized'}, {'imgt_pos': 99, 'is_vernier': False, 'mouse_aa': 'A', 'grafted_aa': 'F', 'query_aa': 'F', 'status': 'humanized'}, {'imgt_pos': 120, 'is_vernier': False, 'mouse_aa': 'S', 'grafted_aa': 'G', 'query_aa': 'G', 'status': 'humanized'}, {'imgt_pos': 124, 'is_vernier': False, 'mouse_aa': 'L', 'grafted_aa': 'V', 'query_aa': 'V', 'status': 'humanized'}]",92.55,93.01,92.77,83.88,94.55,91.43,93.33,-0.3286,-0.22,-0.3537,33,-0.3778,-0.2823,-0.3971,25,0,6,0,0,0,0,2,0,0,0,7.86,7.86,8.01,2.0,18,2,23,4,0.92,0.907,0.1154,0.1818,-2,-1,,,,,,,,,,,,,,,,,,,,,,,,,,,,,,,,,,,,,,,,,,
10H5,level_2_germline_selection,,,,,,,,,,,,,,,,,,,,,,,,,,,,,,,,,,,,,,,,,,,,,,,,,,,,,,,,,,,,,,,,,,,,,,,,,,,,,,,,,,IGHV1-69*02,IGHV1-46*01,IGKV1-17*01,IGKV1-39*01,True,False,True,False,0.934,0.966,0.929,0.972,2,3,-1,4,4,0,,,,,,,,,,,,,,,,,,,,,,,,
10H5,level_3_seq6_scorecard,,,,,3,4,0,0,0,0,,,,,,,,,,,,,,0.9261,0.8846,0.9697,0.6667,0.9398,0.8889,0.9877,0.963,0.987,IGHV1-46*01,IGKV1-16*01,3,17,17,"[{'imgt_pos': 3, 'is_vernier': False, 'mouse_aa': 'K', 'grafted_aa': 'Q', 'query_aa': 'Q', 'status': 'humanized'}, {'imgt_pos': 5, 'is_vernier': False, 'mouse_aa': 'Q', 'grafted_aa': 'V', 'query_aa': 'V', 'status': 'humanized'}, {'imgt_pos': 12, 'is_vernier': False, 'mouse_aa': 'L', 'grafted_aa': 'V', 'query_aa': 'V', 'status': 'humanized'}, {'imgt_pos': 13, 'is_vernier': False, 'mouse_aa': 'V', 'grafted_aa': 'K', 'query_aa': 'K', 'status': 'humanized'}, {'imgt_pos': 21, 'is_vernier': False, 'mouse_aa': 'I', 'grafted_aa': 'V', 'query_aa': 'V', 'status': 'humanized'}, {'imgt_pos': 43, 'is_vernier': False, 'mouse_aa': 'K', 'grafted_aa': 'R', 'query_aa': 'R', 'status': 'humanized'}, {'imgt_pos': 45, 'is_vernier': False, 'mouse_aa': 'R', 'grafted_aa': 'A', 'query_aa': 'A', 'status': 'humanized'}, {'imgt_pos': 48, 'is_vernier': True, 'mouse_aa': 'K', 'grafted_aa': 'Q', 'query_aa': 'Q', 'status': 'humanized'}, {'imgt_pos': 53, 'is_vernier': False, 'mouse_aa': 'I', 'grafted_aa': 'M', 'query_aa': 'M', 'status': 'humanized'}, {'imgt_pos': 75, 'is_vernier': False, 'mouse_aa': 'K', 'grafted_aa': 'R', 'query_aa': 'R', 'status': 'humanized'}, {'imgt_pos': 76, 'is_vernier': False, 'mouse_aa': 'A', 'grafted_aa': 'V', 'query_aa': 'V', 'status': 'humanized'}, {'imgt_pos': 78, 'is_vernier': True, 'mouse_aa': 'L', 'grafted_aa': 'M', 'query_aa': 'M', 'status': 'humanized'}, {'imgt_pos': 80, 'is_vernier': True, 'mouse_aa': 'A', 'grafted_aa': 'R', 'query_aa': 'R', 'status': 'humanized'}, {'imgt_pos': 82, 'is_vernier': False, 'mouse_aa': 'K', 'grafted_aa': 'T', 'query_aa': 'T', 'status': 'humanized'}, {'imgt_pos': 84, 'is_vernier': False, 'mouse_aa': 'S', 'grafted_aa': 'T', 'query_aa': 'T', 'status': 'humanized'}, {'imgt_pos': 87, 'is_vernier': False, 'mouse_aa': 'A', 'grafted_aa': 'V', 'query_aa': 'V', 'status': 'humanized'}, {'imgt_pos': 90, 'is_vernier': False, 'mouse_aa': 'Q', 'grafted_aa': 'E', 'query_aa': 'E', 'status': 'humanized'}, {'imgt_pos': 95, 'is_vernier': False, 'mouse_aa': 'T', 'grafted_aa': 'R', 'query_aa': 'R', 'status': 'humanized'}, {'imgt_pos': 99, 'is_vernier': False, 'mouse_aa': 'S', 'grafted_aa': 'T', 'query_aa': 'T', 'status': 'humanized'}, {'imgt_pos': 103, 'is_vernier': False, 'mouse_aa': 'F', 'grafted_aa': 'Y', 'query_aa': 'Y', 'status': 'humanized'}]",4,20,20,"[{'imgt_pos': 3, 'is_vernier': False, 'mouse_aa': 'E', 'grafted_aa': 'Q', 'query_aa': 'Q', 'status': 'humanized'}, {'imgt_pos': 4, 'is_vernier': True, 'mouse_aa': 'L', 'grafted_aa': 'M', 'query_aa': 'M', 'status': 'humanized'}, {'imgt_pos': 15, 'is_vernier': False, 'mouse_aa': 'L', 'grafted_aa': 'V', 'query_aa': 'V', 'status': 'humanized'}, {'imgt_pos': 17, 'is_vernier': False, 'mouse_aa': 'E', 'grafted_aa': 'D', 'query_aa': 'D', 'status': 'humanized'}, {'imgt_pos': 20, 'is_vernier': False, 'mouse_aa': 'S', 'grafted_aa': 'T', 'query_aa': 'T', 'status': 'humanized'}, {'imgt_pos': 21, 'is_vernier': False, 'mouse_aa': 'L', 'grafted_aa': 'I', 'query_aa': 'I', 'status': 'humanized'}, {'imgt_pos': 42, 'is_vernier': False, 'mouse_aa': 'L', 'grafted_aa': 'Y', 'query_aa': 'Y', 'status': 'humanized'}, {'imgt_pos': 45, 'is_vernier': False, 'mouse_aa': 'E', 'grafted_aa': 'K', 'query_aa': 'K', 'status': 'humanized'}, {'imgt_pos': 47, 'is_vernier': True, 'mouse_aa': 'D', 'grafted_aa': 'G', 'query_aa': 'G', 'status': 'humanized'}, {'imgt_pos': 48, 'is_vernier': True, 'mouse_aa': 'G', 'grafted_aa': 'K', 'query_aa': 'K', 'status': 'humanized'}, {'imgt_pos': 49, 'is_vernier': True, 'mouse_aa': 'T', 'grafted_aa': 'A', 'query_aa': 'A', 'status': 'humanized'}, {'imgt_pos': 50, 'is_vernier': False, 'mouse_aa': 'I', 'grafted_aa': 'P', 'query_aa': 'P', 'status': 'humanized'}, {'imgt_pos': 52, 'is_vernier': False, 'mouse_aa': 'R', 'grafted_aa': 'L', 'query_aa': 'L', 'status': 'humanized'}, {'imgt_pos': 74, 'is_vernier': False, 'mouse_aa': 'K', 'grafted_aa': 'S', 'query_aa': 'S', 'status': 'humanized'}, {'imgt_pos': 80, 'is_vernier': False, 'mouse_aa': 'R', 'grafted_aa': 'G', 'query_aa': 'G', 'status': 'humanized'}, {'imgt_pos': 86, 'is_vernier': False, 'mouse_aa': 'S', 'grafted_aa': 'D', 'query_aa': 'D', 'status': 'humanized'}, {'imgt_pos': 87, 'is_vernier': False, 'mouse_aa': 'Y', 'grafted_aa': 'F', 'query_aa': 'F', 'status': 'humanized'}, {'imgt_pos': 88, 'is_vernier': False, 'mouse_aa': 'S', 'grafted_aa': 'T', 'query_aa': 'T', 'status': 'humanized'}, {'imgt_pos': 94, 'is_vernier': False, 'mouse_aa': 'V', 'grafted_aa': 'L', 'query_aa': 'L', 'status': 'humanized'}, {'imgt_pos': 95, 'is_vernier': False, 'mouse_aa': 'E', 'grafted_aa': 'Q', 'query_aa': 'Q', 'status': 'humanized'}, {'imgt_pos': 96, 'is_vernier': False, 'mouse_aa': 'A', 'grafted_aa': 'P', 'query_aa': 'P', 'status': 'humanized'}, {'imgt_pos': 99, 'is_vernier': False, 'mouse_aa': 'A', 'grafted_aa': 'F', 'query_aa': 'F', 'status': 'humanized'}, {'imgt_pos': 120, 'is_vernier': False, 'mouse_aa': 'S', 'grafted_aa': 'G', 'query_aa': 'G', 'status': 'humanized'}, {'imgt_pos': 124, 'is_vernier': False, 'mouse_aa': 'L', 'grafted_aa': 'V', 'query_aa': 'V', 'status': 'humanized'}]",95.09,95.08,95.08,90.25,96.2,94.27,95.24,-0.3136,-0.1892,-0.3424,31,-0.3472,-0.2633,-0.3642,22,0,6,0,0,0,0,2,0,0,0,7.87,6.28,7.61,1.1,20,3,24,4,0.893,0.907,0.1442,0.1818,-2,-1,,,,,,,,,,,,,,,,,,,,,,,,,,,,,,,,,,,,,,,,,,
10H5,level_3_conflict_positions,,,,,,,,,,,,,,,,,,,,,,,,,,,,,,,,,,,,,,,,,,,,,,,,,,,,,,,,,,,,,,,,,,,,,,,,,,,,,,,,,,,,,,,,,,,,,,,,,,,,4,4,0,"[{'imgt_pos': 78, 'mouse_aa': 'L', 'seq3_aa': 'M', 'seq5_aa': 'L', 'seq6_aa': 'M', 'lab_decision': 'back_mutated', 'sapiens_decision': 'humanized', 'direction': 'sap_over_humanized'}, {'imgt_pos': 80, 'mouse_aa': 'A', 'seq3_aa': 'R', 'seq5_aa': 'A', 'seq6_aa': 'R', 'lab_decision': 'back_mutated', 'sapiens_decision': 'humanized', 'direction': 'sap_over_humanized'}, {'imgt_pos': 82, 'mouse_aa': 'K', 'seq3_aa': 'T', 'seq5_aa': 'K', 'seq6_aa': 'T', 'lab_decision': 'back_mutated', 'sapiens_decision': 'humanized', 'direction': 'sap_over_humanized'}, {'imgt_pos': 87, 'mouse_aa': 'A', 'seq3_aa': 'V', 'seq5_aa': 'A', 'seq6_aa': 'V', 'lab_decision': 'back_mutated', 'sapiens_decision': 'humanized', 'direction': 'sap_over_humanized'}]",17,7,7,0,"[{'imgt_pos': 4, 'mouse_aa': 'L', 'seq3_aa': 'M', 'seq5_aa': 'L', 'seq6_aa': 'M', 'lab_decision': 'back_mutated', 'sapiens_decision': 'humanized', 'direction': 'sap_over_humanized'}, {'imgt_pos': 42, 'mouse_aa': 'L', 'seq3_aa': 'Y', 'seq5_aa': 'L', 'seq6_aa': 'Y', 'lab_decision': 'back_mutated', 'sapiens_decision': 'humanized', 'direction': 'sap_over_humanized'}, {'imgt_pos': 50, 'mouse_aa': 'I', 'seq3_aa': 'P', 'seq5_aa': 'I', 'seq6_aa': 'P', 'lab_decision': 'back_mutated', 'sapiens_decision': 'humanized', 'direction': 'sap_over_humanized'}, {'imgt_pos': 52, 'mouse_aa': 'R', 'seq3_aa': 'L', 'seq5_aa': 'R', 'seq6_aa': 'L', 'lab_decision': 'back_mutated', 'sapiens_decision': 'humanized', 'direction': 'sap_over_humanized'}, {'imgt_pos': 80, 'mouse_aa': 'R', 'seq3_aa': 'G', 'seq5_aa': 'R', 'seq6_aa': 'G', 'lab_decision': 'back_mutated', 'sapiens_decision': 'humanized', 'direction': 'sap_over_humanized'}, {'imgt_pos': 87, 'mouse_aa': 'Y', 'seq3_aa': 'F', 'seq5_aa': 'Y', 'seq6_aa': 'F', 'lab_decision': 'back_mutated', 'sapiens_decision': 'humanized', 'direction': 'sap_over_humanized'}, {'imgt_pos': 94, 'mouse_aa': 'V', 'seq3_aa': 'L', 'seq5_aa': 'V', 'seq6_aa': 'L', 'lab_decision': 'back_mutated', 'sapiens_decision': 'humanized', 'direction': 'sap_over_humanized'}]",17,,,,,,,,,,,,,,
10H5,level_4_validation,,,,,,,,,,,,,,,,,,,,,,,,,,,,,,,,,,,,,,,,,,,,,,,,,,,,,,,,,,,,,,,,,,,,,,,,,,,,,,,,,,,,,,,,,,,,,,,,,,,,,,,,,,,,,,0.964,0.991,0.989,0.989,4,4,7,7,0.938,0.925,0,[],0,[]
28E07,level_0_baseline,IGHV1-2*02,IGKV3-11*01,0.792,0.755,4,4,0,0,0,0,0,13,9,0,1,0,0,0,1,0,0,0.792,0.755,,,,,,,,,,,,,,,,,,,,,,,,,,,,,,,,,,,,,,,,,,,,,,,,,,,,,,,,,,,,,,,,,,,,,,,,,,,,,,,,,,,,,,,,,,,,,,,,,,,,
28E07,level_1_seq0_scorecard,,,,,1,3,0,0,0,0,,,,,,,,,,,,,,0.7393,0.7589,0.7172,0.3103,0.9157,0.3333,0.8025,0.787,0.823,IGHV1-2*02,IGKV1-13*02,0,15,0,"[{'imgt_pos': 5, 'is_vernier': False, 'mouse_aa': 'Q', 'grafted_aa': None, 'query_aa': 'V', 'status': 'humanized_by_sapiens'}, {'imgt_pos': 13, 'is_vernier': False, 'mouse_aa': 'V', 'grafted_aa': None, 'query_aa': 'K', 'status': 'humanized_by_sapiens'}, {'imgt_pos': 43, 'is_vernier': False, 'mouse_aa': 'K', 'grafted_aa': None, 'query_aa': 'R', 'status': 'humanized_by_sapiens'}, {'imgt_pos': 45, 'is_vernier': False, 'mouse_aa': 'S', 'grafted_aa': None, 'query_aa': 'A', 'status': 'humanized_by_sapiens'}, {'imgt_pos': 46, 'is_vernier': False, 'mouse_aa': 'N', 'grafted_aa': None, 'query_aa': 'P', 'status': 'humanized_by_sapiens'}, {'imgt_pos': 49, 'is_vernier': False, 'mouse_aa': 'S', 'grafted_aa': None, 'query_aa': 'G', 'status': 'humanized_by_sapiens'}, {'imgt_pos': 53, 'is_vernier': False, 'mouse_aa': 'I', 'grafted_aa': None, 'query_aa': 'M', 'status': 'humanized_by_sapiens'}, {'imgt_pos': 55, 'is_vernier': False, 'mouse_aa': 'E', 'grafted_aa': None, 'query_aa': 'W', 'status': 'humanized_by_sapiens'}, {'imgt_pos': 68, 'is_vernier': False, 'mouse_aa': 'N', 'grafted_aa': None, 'query_aa': 'A', 'status': 'humanized_by_sapiens'}, {'imgt_pos': 75, 'is_vernier': False, 'mouse_aa': 'K', 'grafted_aa': None, 'query_aa': 'R', 'status': 'humanized_by_sapiens'}, {'imgt_pos': 76, 'is_vernier': False, 'mouse_aa': 'A', 'grafted_aa': None, 'query_aa': 'V', 'status': 'humanized_by_sapiens'}, {'imgt_pos': 80, 'is_vernier': True, 'mouse_aa': 'V', 'grafted_aa': None, 'query_aa': 'R', 'status': 'humanized_by_sapiens'}, {'imgt_pos': 82, 'is_vernier': False, 'mouse_aa': 'Q', 'grafted_aa': None, 'query_aa': 'T', 'status': 'humanized_by_sapiens'}, {'imgt_pos': 90, 'is_vernier': False, 'mouse_aa': 'Q', 'grafted_aa': None, 'query_aa': 'E', 'status': 'humanized_by_sapiens'}, {'imgt_pos': 99, 'is_vernier': False, 'mouse_aa': 'S', 'grafted_aa': None, 'query_aa': 'T', 'status': 'humanized_by_sapiens'}, {'imgt_pos': 123, 'is_vernier': False, 'mouse_aa': 'T', 'grafted_aa': None, 'query_aa': 'L', 'status': 'humanized_by_sapiens'}]",0,15,0,"[{'imgt_pos': 3, 'is_vernier': False, 'mouse_aa': 'E', 'grafted_aa': None, 'query_aa': 'V', 'status': 'humanized_by_sapiens'}, {'imgt_pos': 11, 'is_vernier': False, 'mouse_aa': 'M', 'grafted_aa': None, 'query_aa': 'L', 'status': 'humanized_by_sapiens'}, {'imgt_pos': 18, 'is_vernier': False, 'mouse_aa': 'K', 'grafted_aa': None, 'query_aa': 'R', 'status': 'humanized_by_sapiens'}, {'imgt_pos': 21, 'is_vernier': False, 'mouse_aa': 'M', 'grafted_aa': None, 'query_aa': 'L', 'status': 'humanized_by_sapiens'}, {'imgt_pos': 24, 'is_vernier': False, 'mouse_aa': 'S', 'grafted_aa': None, 'query_aa': 'R', 'status': 'humanized_by_sapiens'}, {'imgt_pos': 39, 'is_vernier': False, 'mouse_aa': 'M', 'grafted_aa': None, 'query_aa': 'L', 'status': 'humanized_by_sapiens'}, {'imgt_pos': 46, 'is_vernier': True, 'mouse_aa': 'S', 'grafted_aa': None, 'query_aa': 'P', 'status': 'humanized_by_sapiens'}, {'imgt_pos': 48, 'is_vernier': True, 'mouse_aa': 'T', 'grafted_aa': None, 'query_aa': 'K', 'status': 'humanized_by_sapiens'}, {'imgt_pos': 49, 'is_vernier': True, 'mouse_aa': 'S', 'grafted_aa': None, 'query_aa': 'A', 'status': 'humanized_by_sapiens'}, {'imgt_pos': 52, 'is_vernier': False, 'mouse_aa': 'R', 'grafted_aa': None, 'query_aa': 'L', 'status': 'humanized_by_sapiens'}, {'imgt_pos': 53, 'is_vernier': False, 'mouse_aa': 'W', 'grafted_aa': None, 'query_aa': 'L', 'status': 'humanized_by_sapiens'}, {'imgt_pos': 86, 'is_vernier': False, 'mouse_aa': 'S', 'grafted_aa': None, 'query_aa': 'D', 'status': 'humanized_by_sapiens'}, {'imgt_pos': 87, 'is_vernier': False, 'mouse_aa': 'Y', 'grafted_aa': None, 'query_aa': 'F', 'status': 'humanized_by_sapiens'}, {'imgt_pos': 94, 'is_vernier': False, 'mouse_aa': 'M', 'grafted_aa': None, 'query_aa': 'L', 'status': 'humanized_by_sapiens'}, {'imgt_pos': 95, 'is_vernier': False, 'mouse_aa': 'E', 'grafted_aa': None, 'query_aa': 'Q', 'status': 'humanized_by_sapiens'}, {'imgt_pos': 120, 'is_vernier': False, 'mouse_aa': 'A', 'grafted_aa': None, 'query_aa': 'G', 'status': 'humanized_by_sapiens'}, {'imgt_pos': 124, 'is_vernier': False, 'mouse_aa': 'L', 'grafted_aa': None, 'query_aa': 'V', 'status': 'humanized_by_sapiens'}, {'imgt_pos': 126, 'is_vernier': False, 'mouse_aa': 'L', 'grafted_aa': None, 'query_aa': 'I', 'status': 'humanized_by_sapiens'}]",92.87,93.4,93.12,77.5,97.77,82.26,95.66,-0.4266,-0.404,-0.4337,48,-0.357,-0.3378,-0.3609,32,1,7,0,0,0,0,1,1,0,0,6.37,8.41,8.01,2.1,16,1,18,3,0.892,0.811,0.0268,-0.0175,0,0,,,,,,,,,,,,,,,,,,,,,,,,,,,,,,,,,,,,,,,,,,
28E07,level_2_seq2_scorecard,,,,,2,4,0,0,1,0,,,,,,,,,,,,,,0.7905,0.7768,0.8061,0.3793,0.9157,0.6471,0.8395,0.95,0.949,IGHV1-24*01,IGKV1-5*01,2,20,19,"[{'imgt_pos': 5, 'is_vernier': False, 'mouse_aa': 'Q', 'grafted_aa': 'V', 'query_aa': 'V', 'status': 'humanized'}, {'imgt_pos': 9, 'is_vernier': False, 'mouse_aa': 'P', 'grafted_aa': 'A', 'query_aa': 'A', 'status': 'humanized'}, {'imgt_pos': 12, 'is_vernier': False, 'mouse_aa': 'L', 'grafted_aa': 'V', 'query_aa': 'V', 'status': 'humanized'}, {'imgt_pos': 13, 'is_vernier': False, 'mouse_aa': 'V', 'grafted_aa': 'K', 'query_aa': 'K', 'status': 'humanized'}, {'imgt_pos': 21, 'is_vernier': False, 'mouse_aa': 'I', 'grafted_aa': 'V', 'query_aa': 'V', 'status': 'humanized'}, {'imgt_pos': 25, 'is_vernier': False, 'mouse_aa': 'A', 'grafted_aa': 'V', 'query_aa': 'A', 'status': 'back_mutated'}, {'imgt_pos': 43, 'is_vernier': False, 'mouse_aa': 'K', 'grafted_aa': 'R', 'query_aa': 'R', 'status': 'humanized'}, {'imgt_pos': 45, 'is_vernier': False, 'mouse_aa': 'S', 'grafted_aa': 'A', 'query_aa': 'A', 'status': 'humanized'}, {'imgt_pos': 46, 'is_vernier': False, 'mouse_aa': 'N', 'grafted_aa': 'P', 'query_aa': 'P', 'status': 'humanized'}, {'imgt_pos': 49, 'is_vernier': False, 'mouse_aa': 'S', 'grafted_aa': 'G', 'query_aa': 'G', 'status': 'humanized'}, {'imgt_pos': 53, 'is_vernier': False, 'mouse_aa': 'I', 'grafted_aa': 'M', 'query_aa': 'M', 'status': 'humanized'}, {'imgt_pos': 75, 'is_vernier': False, 'mouse_aa': 'K', 'grafted_aa': 'R', 'query_aa': 'R', 'status': 'humanized'}, {'imgt_pos': 76, 'is_vernier': False, 'mouse_aa': 'A', 'grafted_aa': 'V', 'query_aa': 'V', 'status': 'humanized'}, {'imgt_pos': 78, 'is_vernier': True, 'mouse_aa': 'L', 'grafted_aa': 'M', 'query_aa': 'M', 'status': 'humanized'}, {'imgt_pos': 80, 'is_vernier': True, 'mouse_aa': 'V', 'grafted_aa': 'E', 'query_aa': 'E', 'status': 'humanized'}, {'imgt_pos': 82, 'is_vernier': False, 'mouse_aa': 'Q', 'grafted_aa': 'T', 'query_aa': 'T', 'status': 'humanized'}, {'imgt_pos': 84, 'is_vernier': False, 'mouse_aa': 'S', 'grafted_aa': 'T', 'query_aa': 'T', 'status': 'humanized'}, {'imgt_pos': 85, 'is_vernier': False, 'mouse_aa': 'T', 'grafted_aa': 'D', 'query_aa': 'D', 'status': 'humanized'}, {'imgt_pos': 90, 'is_vernier': False, 'mouse_aa': 'Q', 'grafted_aa': 'E', 'query_aa': 'E', 'status': 'humanized'}, {'imgt_pos': 92, 'is_vernier': False, 'mouse_aa': 'N', 'grafted_aa': 'S', 'query_aa': 'S', 'status': 'humanized'}, {'imgt_pos': 95, 'is_vernier': False, 'mouse_aa': 'T', 'grafted_aa': 'R', 'query_aa': 'R', 'status': 'humanized'}, {'imgt_pos': 99, 'is_vernier': False, 'mouse_aa': 'S', 'grafted_aa': 'T', 'query_aa': 'T', 'status': 'humanized'}]",4,19,19,"[{'imgt_pos': 3, 'is_vernier': False, 'mouse_aa': 'E', 'grafted_aa': 'Q', 'query_aa': 'Q', 'status': 'humanized'}, {'imgt_pos': 4, 'is_vernier': True, 'mouse_aa': 'L', 'grafted_aa': 'M', 'query_aa': 'M', 'status': 'humanized'}, {'imgt_pos': 9, 'is_vernier': False, 'mouse_aa': 'A', 'grafted_aa': 'S', 'query_aa': 'S', 'status': 'humanized'}, {'imgt_pos': 10, 'is_vernier': False, 'mouse_aa': 'I', 'grafted_aa': 'S', 'query_aa': 'S', 'status': 'humanized'}, {'imgt_pos': 11, 'is_vernier': False, 'mouse_aa': 'M', 'grafted_aa': 'L', 'query_aa': 'L', 'status': 'humanized'}, {'imgt_pos': 15, 'is_vernier': False, 'mouse_aa': 'P', 'grafted_aa': 'V', 'query_aa': 'V', 'status': 'humanized'}, {'imgt_pos': 17, 'is_vernier': False, 'mouse_aa': 'E', 'grafted_aa': 'D', 'query_aa': 'D', 'status': 'humanized'}, {'imgt_pos': 18, 'is_vernier': False, 'mouse_aa': 'K', 'grafted_aa': 'R', 'query_aa': 'R', 'status': 'humanized'}, {'imgt_pos': 21, 'is_vernier': False, 'mouse_aa': 'M', 'grafted_aa': 'I', 'query_aa': 'I', 'status': 'humanized'}, {'imgt_pos': 46, 'is_vernier': True, 'mouse_aa': 'S', 'grafted_aa': 'P', 'query_aa': 'P', 'status': 'humanized'}, {'imgt_pos': 48, 'is_vernier': True, 'mouse_aa': 'T', 'grafted_aa': 'K', 'query_aa': 'K', 'status': 'humanized'}, {'imgt_pos': 49, 'is_vernier': True, 'mouse_aa': 'S', 'grafted_aa': 'A', 'query_aa': 'A', 'status': 'humanized'}, {'imgt_pos': 53, 'is_vernier': False, 'mouse_aa': 'W', 'grafted_aa': 'L', 'query_aa': 'L', 'status': 'humanized'}, {'imgt_pos': 74, 'is_vernier': False, 'mouse_aa': 'T', 'grafted_aa': 'S', 'query_aa': 'S', 'status': 'humanized'}, {'imgt_pos': 86, 'is_vernier': False, 'mouse_aa': 'S', 'grafted_aa': 'E', 'query_aa': 'E', 'status': 'humanized'}, {'imgt_pos': 87, 'is_vernier': False, 'mouse_aa': 'Y', 'grafted_aa': 'F', 'query_aa': 'F', 'status': 'humanized'}, {'imgt_pos': 88, 'is_vernier': False, 'mouse_aa': 'S', 'grafted_aa': 'T', 'query_aa': 'T', 'status': 'humanized'}, {'imgt_pos': 94, 'is_vernier': False, 'mouse_aa': 'M', 'grafted_aa': 'L', 'query_aa': 'L', 'status': 'humanized'}, {'imgt_pos': 95, 'is_vernier': False, 'mouse_aa': 'E', 'grafted_aa': 'Q', 'query_aa': 'Q', 'status': 'humanized'}, {'imgt_pos': 96, 'is_vernier': False, 'mouse_aa': 'A', 'grafted_aa': 'P', 'query_aa': 'P', 'status': 'humanized'}, {'imgt_pos': 99, 'is_vernier': False, 'mouse_aa': 'A', 'grafted_aa': 'F', 'query_aa': 'F', 'status': 'humanized'}, {'imgt_pos': 120, 'is_vernier': False, 'mouse_aa': 'A', 'grafted_aa': 'Q', 'query_aa': 'Q', 'status': 'humanized'}, {'imgt_pos': 126, 'is_vernier': False, 'mouse_aa': 'L', 'grafted_aa': 'I', 'query_aa': 'I', 'status': 'humanized'}]",90.61,96.15,93.21,72.77,96.3,95.89,96.2,-0.3921,-0.3562,-0.4035,42,-0.3555,-0.2795,-0.37,20,0,8,0,0,0,0,2,0,0,0,4.51,7.87,4.93,-2.9,22,2,23,4,0.892,0.792,0.0447,0.0714,0,0,,,,,,,,,,,,,,,,,,,,,,,,,,,,,,,,,,,,,,,,,,
28E07,level_2_germline_selection,,,,,,,,,,,,,,,,,,,,,,,,,,,,,,,,,,,,,,,,,,,,,,,,,,,,,,,,,,,,,,,,,,,,,,,,,,,,,,,,,,IGHV1-24*01,IGHV1-2*02,IGKV1-39*01,IGKV3-11*01,True,False,False,False,0.912,0.787,0.908,0.821,2,4,-2,4,4,0,,,,,,,,,,,,,,,,,,,,,,,,
28E07,level_3_seq6_scorecard,,,,,4,4,0,0,0,0,,,,,,,,,,,,,,0.8476,0.8304,0.8673,0.5517,0.9277,0.7059,0.9012,0.963,0.975,IGHV1-2*02,IGKV3-11*01,4,20,20,"[{'imgt_pos': 5, 'is_vernier': False, 'mouse_aa': 'Q', 'grafted_aa': 'V', 'query_aa': 'V', 'status': 'humanized'}, {'imgt_pos': 9, 'is_vernier': False, 'mouse_aa': 'P', 'grafted_aa': 'A', 'query_aa': 'A', 'status': 'humanized'}, {'imgt_pos': 12, 'is_vernier': False, 'mouse_aa': 'L', 'grafted_aa': 'V', 'query_aa': 'V', 'status': 'humanized'}, {'imgt_pos': 13, 'is_vernier': False, 'mouse_aa': 'V', 'grafted_aa': 'K', 'query_aa': 'K', 'status': 'humanized'}, {'imgt_pos': 21, 'is_vernier': False, 'mouse_aa': 'I', 'grafted_aa': 'V', 'query_aa': 'V', 'status': 'humanized'}, {'imgt_pos': 43, 'is_vernier': False, 'mouse_aa': 'K', 'grafted_aa': 'R', 'query_aa': 'R', 'status': 'humanized'}, {'imgt_pos': 45, 'is_vernier': False, 'mouse_aa': 'S', 'grafted_aa': 'A', 'query_aa': 'A', 'status': 'humanized'}, {'imgt_pos': 46, 'is_vernier': False, 'mouse_aa': 'N', 'grafted_aa': 'P', 'query_aa': 'P', 'status': 'humanized'}, {'imgt_pos': 48, 'is_vernier': True, 'mouse_aa': 'K', 'grafted_aa': 'Q', 'query_aa': 'Q', 'status': 'humanized'}, {'imgt_pos': 49, 'is_vernier': False, 'mouse_aa': 'S', 'grafted_aa': 'G', 'query_aa': 'G', 'status': 'humanized'}, {'imgt_pos': 53, 'is_vernier': False, 'mouse_aa': 'I', 'grafted_aa': 'M', 'query_aa': 'M', 'status': 'humanized'}, {'imgt_pos': 75, 'is_vernier': False, 'mouse_aa': 'K', 'grafted_aa': 'R', 'query_aa': 'R', 'status': 'humanized'}, {'imgt_pos': 76, 'is_vernier': False, 'mouse_aa': 'A', 'grafted_aa': 'V', 'query_aa': 'V', 'status': 'humanized'}, {'imgt_pos': 78, 'is_vernier': True, 'mouse_aa': 'L', 'grafted_aa': 'M', 'query_aa': 'M', 'status': 'humanized'}, {'imgt_pos': 80, 'is_vernier': True, 'mouse_aa': 'V', 'grafted_aa': 'R', 'query_aa': 'R', 'status': 'humanized'}, {'imgt_pos': 82, 'is_vernier': False, 'mouse_aa': 'Q', 'grafted_aa': 'T', 'query_aa': 'T', 'status': 'humanized'}, {'imgt_pos': 84, 'is_vernier': False, 'mouse_aa': 'S', 'grafted_aa': 'I', 'query_aa': 'I', 'status': 'humanized'}, {'imgt_pos': 85, 'is_vernier': False, 'mouse_aa': 'T', 'grafted_aa': 'S', 'query_aa': 'S', 'status': 'humanized'}, {'imgt_pos': 90, 'is_vernier': False, 'mouse_aa': 'Q', 'grafted_aa': 'E', 'query_aa': 'E', 'status': 'humanized'}, {'imgt_pos': 92, 'is_vernier': False, 'mouse_aa': 'N', 'grafted_aa': 'S', 'query_aa': 'S', 'status': 'humanized'}, {'imgt_pos': 93, 'is_vernier': True, 'mouse_aa': 'S', 'grafted_aa': 'R', 'query_aa': 'R', 'status': 'humanized'}, {'imgt_pos': 95, 'is_vernier': False, 'mouse_aa': 'T', 'grafted_aa': 'R', 'query_aa': 'R', 'status': 'humanized'}, {'imgt_pos': 97, 'is_vernier': False, 'mouse_aa': 'E', 'grafted_aa': 'D', 'query_aa': 'D', 'status': 'humanized'}, {'imgt_pos': 99, 'is_vernier': False, 'mouse_aa': 'S', 'grafted_aa': 'T', 'query_aa': 'T', 'status': 'humanized'}]",4,22,22,"[{'imgt_pos': 1, 'is_vernier': False, 'mouse_aa': 'D', 'grafted_aa': 'E', 'query_aa': 'E', 'status': 'humanized'}, {'imgt_pos': 3, 'is_vernier': False, 'mouse_aa': 'E', 'grafted_aa': 'V', 'query_aa': 'V', 'status': 'humanized'}, {'imgt_pos': 10, 'is_vernier': False, 'mouse_aa': 'I', 'grafted_aa': 'T', 'query_aa': 'T', 'status': 'humanized'}, {'imgt_pos': 11, 'is_vernier': False, 'mouse_aa': 'M', 'grafted_aa': 'L', 'query_aa': 'L', 'status': 'humanized'}, {'imgt_pos': 13, 'is_vernier': False, 'mouse_aa': 'A', 'grafted_aa': 'L', 'query_aa': 'L', 'status': 'humanized'}, {'imgt_pos': 18, 'is_vernier': False, 'mouse_aa': 'K', 'grafted_aa': 'R', 'query_aa': 'R', 'status': 'humanized'}, {'imgt_pos': 19, 'is_vernier': False, 'mouse_aa': 'V', 'grafted_aa': 'A', 'query_aa': 'A', 'status': 'humanized'}, {'imgt_pos': 21, 'is_vernier': False, 'mouse_aa': 'M', 'grafted_aa': 'L', 'query_aa': 'L', 'status': 'humanized'}, {'imgt_pos': 22, 'is_vernier': False, 'mouse_aa': 'T', 'grafted_aa': 'S', 'query_aa': 'S', 'status': 'humanized'}, {'imgt_pos': 46, 'is_vernier': True, 'mouse_aa': 'S', 'grafted_aa': 'P', 'query_aa': 'P', 'status': 'humanized'}, {'imgt_pos': 48, 'is_vernier': True, 'mouse_aa': 'T', 'grafted_aa': 'Q', 'query_aa': 'Q', 'status': 'humanized'}, {'imgt_pos': 49, 'is_vernier': True, 'mouse_aa': 'S', 'grafted_aa': 'A', 'query_aa': 'A', 'status': 'humanized'}, {'imgt_pos': 51, 'is_vernier': False, 'mouse_aa': 'K', 'grafted_aa': 'R', 'query_aa': 'R', 'status': 'humanized'}, {'imgt_pos': 52, 'is_vernier': False, 'mouse_aa': 'R', 'grafted_aa': 'L', 'query_aa': 'L', 'status': 'humanized'}, {'imgt_pos': 53, 'is_vernier': False, 'mouse_aa': 'W', 'grafted_aa': 'L', 'query_aa': 'L', 'status': 'humanized'}, {'imgt_pos': 71, 'is_vernier': True, 'mouse_aa': 'V', 'grafted_aa': 'I', 'query_aa': 'I', 'status': 'humanized'}, {'imgt_pos': 74, 'is_vernier': False, 'mouse_aa': 'T', 'grafted_aa': 'A', 'query_aa': 'A', 'status': 'humanized'}, {'imgt_pos': 86, 'is_vernier': False, 'mouse_aa': 'S', 'grafted_aa': 'D', 'query_aa': 'D', 'status': 'humanized'}, {'imgt_pos': 87, 'is_vernier': False, 'mouse_aa': 'Y', 'grafted_aa': 'F', 'query_aa': 'F', 'status': 'humanized'}, {'imgt_pos': 88, 'is_vernier': False, 'mouse_aa': 'S', 'grafted_aa': 'T', 'query_aa': 'T', 'status': 'humanized'}, {'imgt_pos': 94, 'is_vernier': False, 'mouse_aa': 'M', 'grafted_aa': 'L', 'query_aa': 'L', 'status': 'humanized'}, {'imgt_pos': 96, 'is_vernier': False, 'mouse_aa': 'A', 'grafted_aa': 'P', 'query_aa': 'P', 'status': 'humanized'}, {'imgt_pos': 99, 'is_vernier': False, 'mouse_aa': 'A', 'grafted_aa': 'F', 'query_aa': 'F', 'status': 'humanized'}, {'imgt_pos': 101, 'is_vernier': False, 'mouse_aa': 'T', 'grafted_aa': 'V', 'query_aa': 'V', 'status': 'humanized'}, {'imgt_pos': 120, 'is_vernier': False, 'mouse_aa': 'A', 'grafted_aa': 'Q', 'query_aa': 'Q', 'status': 'humanized'}, {'imgt_pos': 126, 'is_vernier': False, 'mouse_aa': 'L', 'grafted_aa': 'I', 'query_aa': 'I', 'status': 'humanized'}]",92.98,94.92,93.89,78.28,97.66,94.0,95.1,-0.3869,-0.3708,-0.392,40,-0.3814,-0.3774,-0.3822,37,0,8,1,0,0,0,1,0,0,0,6.85,7.87,7.61,1.1,24,4,26,4,0.942,0.962,0.0983,0.1326,0,0,,,,,,,,,,,,,,,,,,,,,,,,,,,,,,,,,,,,,,,,,,
28E07,level_3_conflict_positions,,,,,,,,,,,,,,,,,,,,,,,,,,,,,,,,,,,,,,,,,,,,,,,,,,,,,,,,,,,,,,,,,,,,,,,,,,,,,,,,,,,,,,,,,,,,,,,,,,,,0,0,0,[],25,0,0,0,[],26,,,,,,,,,,,,,,
28E07,level_4_validation,,,,,,,,,,,,,,,,,,,,,,,,,,,,,,,,,,,,,,,,,,,,,,,,,,,,,,,,,,,,,,,,,,,,,,,,,,,,,,,,,,,,,,,,,,,,,,,,,,,,,,,,,,,,,,0.983,1.0,0.989,1.0,0,0,0,0,0.983,1.0,0,[],0,[]
3C3,level_0_baseline,IGHV4-30-4*01,IGKV4-1*01,0.814,0.85,2,2,1,0,6,0,7,12,9,0,1,0,0,1,1,0,0,0.814,0.85,,,,,,,,,,,,,,,,,,,,,,,,,,,,,,,,,,,,,,,,,,,,,,,,,,,,,,,,,,,,,,,,,,,,,,,,,,,,,,,,,,,,,,,,,,,,,,,,,,,,
3C3,level_1_seq0_scorecard,,,,,2,2,0,0,0,0,,,,,,,,,,,,,,0.8843,0.9091,0.8585,0.6667,0.988,0.4,1.0,0.9,1.0,IGHV4-30-2*07,IGKV4-1*01,0,19,0,"[{'imgt_pos': 1, 'is_vernier': False, 'mouse_aa': 'E', 'grafted_aa': None, 'query_aa': 'Q', 'status': 'humanized_by_sapiens'}, {'imgt_pos': 13, 'is_vernier': False, 'mouse_aa': 'T', 'grafted_aa': None, 'query_aa': 'V', 'status': 'humanized_by_sapiens'}, {'imgt_pos': 17, 'is_vernier': False, 'mouse_aa': 'Q', 'grafted_aa': None, 'query_aa': 'E', 'status': 'humanized_by_sapiens'}, {'imgt_pos': 26, 'is_vernier': False, 'mouse_aa': 'T', 'grafted_aa': None, 'query_aa': 'S', 'status': 'humanized_by_sapiens'}, {'imgt_pos': 40, 'is_vernier': False, 'mouse_aa': 'D', 'grafted_aa': None, 'query_aa': 'S', 'status': 'humanized_by_sapiens'}, {'imgt_pos': 44, 'is_vernier': False, 'mouse_aa': 'K', 'grafted_aa': None, 'query_aa': 'Q', 'status': 'humanized_by_sapiens'}, {'imgt_pos': 45, 'is_vernier': False, 'mouse_aa': 'F', 'grafted_aa': None, 'query_aa': 'P', 'status': 'humanized_by_sapiens'}, {'imgt_pos': 48, 'is_vernier': True, 'mouse_aa': 'N', 'grafted_aa': None, 'query_aa': 'K', 'status': 'humanized_by_sapiens'}, {'imgt_pos': 49, 'is_vernier': False, 'mouse_aa': 'K', 'grafted_aa': None, 'query_aa': 'G', 'status': 'humanized_by_sapiens'}, {'imgt_pos': 52, 'is_vernier': False, 'mouse_aa': 'Y', 'grafted_aa': None, 'query_aa': 'W', 'status': 'humanized_by_sapiens'}, {'imgt_pos': 53, 'is_vernier': False, 'mouse_aa': 'M', 'grafted_aa': None, 'query_aa': 'I', 'status': 'humanized_by_sapiens'}, {'imgt_pos': 76, 'is_vernier': False, 'mouse_aa': 'I', 'grafted_aa': None, 'query_aa': 'V', 'status': 'humanized_by_sapiens'}, {'imgt_pos': 79, 'is_vernier': False, 'mouse_aa': 'T', 'grafted_aa': None, 'query_aa': 'S', 'status': 'humanized_by_sapiens'}, {'imgt_pos': 80, 'is_vernier': True, 'mouse_aa': 'R', 'grafted_aa': None, 'query_aa': 'V', 'status': 'humanized_by_sapiens'}, {'imgt_pos': 87, 'is_vernier': False, 'mouse_aa': 'Y', 'grafted_aa': None, 'query_aa': 'F', 'status': 'humanized_by_sapiens'}, {'imgt_pos': 88, 'is_vernier': False, 'mouse_aa': 'Y', 'grafted_aa': None, 'query_aa': 'S', 'status': 'humanized_by_sapiens'}, {'imgt_pos': 96, 'is_vernier': False, 'mouse_aa': 'S', 'grafted_aa': None, 'query_aa': 'A', 'status': 'humanized_by_sapiens'}, {'imgt_pos': 97, 'is_vernier': False, 'mouse_aa': 'E', 'grafted_aa': None, 'query_aa': 'A', 'status': 'humanized_by_sapiens'}, {'imgt_pos': 99, 'is_vernier': False, 'mouse_aa': 'S', 'grafted_aa': None, 'query_aa': 'T', 'status': 'humanized_by_sapiens'}, {'imgt_pos': 101, 'is_vernier': False, 'mouse_aa': 'T', 'grafted_aa': None, 'query_aa': 'V', 'status': 'humanized_by_sapiens'}, {'imgt_pos': 128, 'is_vernier': False, 'mouse_aa': 'A', 'grafted_aa': None, 'query_aa': 'S', 'status': 'humanized_by_sapiens'}]",0,17,0,"[{'imgt_pos': 2, 'is_vernier': True, 'mouse_aa': 'T', 'grafted_aa': None, 'query_aa': 'I', 'status': 'humanized_by_sapiens'}, {'imgt_pos': 5, 'is_vernier': False, 'mouse_aa': 'S', 'grafted_aa': None, 'query_aa': 'T', 'status': 'humanized_by_sapiens'}, {'imgt_pos': 9, 'is_vernier': False, 'mouse_aa': 'S', 'grafted_aa': None, 'query_aa': 'D', 'status': 'humanized_by_sapiens'}, {'imgt_pos': 12, 'is_vernier': False, 'mouse_aa': 'G', 'grafted_aa': None, 'query_aa': 'A', 'status': 'humanized_by_sapiens'}, {'imgt_pos': 15, 'is_vernier': False, 'mouse_aa': 'V', 'grafted_aa': None, 'query_aa': 'L', 'status': 'humanized_by_sapiens'}, {'imgt_pos': 19, 'is_vernier': False, 'mouse_aa': 'V', 'grafted_aa': None, 'query_aa': 'A', 'status': 'humanized_by_sapiens'}, {'imgt_pos': 21, 'is_vernier': False, 'mouse_aa': 'L', 'grafted_aa': None, 'query_aa': 'I', 'status': 'humanized_by_sapiens'}, {'imgt_pos': 22, 'is_vernier': False, 'mouse_aa': 'T', 'grafted_aa': None, 'query_aa': 'N', 'status': 'humanized_by_sapiens'}, {'imgt_pos': 26, 'is_vernier': False, 'mouse_aa': 'R', 'grafted_aa': None, 'query_aa': 'S', 'status': 'humanized_by_sapiens'}, {'imgt_pos': 49, 'is_vernier': True, 'mouse_aa': 'S', 'grafted_aa': None, 'query_aa': 'P', 'status': 'humanized_by_sapiens'}, {'imgt_pos': 77, 'is_vernier': False, 'mouse_aa': 'T', 'grafted_aa': None, 'query_aa': 'S', 'status': 'humanized_by_sapiens'}, {'imgt_pos': 94, 'is_vernier': False, 'mouse_aa': 'V', 'grafted_aa': None, 'query_aa': 'L', 'status': 'humanized_by_sapiens'}, {'imgt_pos': 95, 'is_vernier': False, 'mouse_aa': 'K', 'grafted_aa': None, 'query_aa': 'Q', 'status': 'humanized_by_sapiens'}, {'imgt_pos': 96, 'is_vernier': False, 'mouse_aa': 'S', 'grafted_aa': None, 'query_aa': 'A', 'status': 'humanized_by_sapiens'}, {'imgt_pos': 99, 'is_vernier': False, 'mouse_aa': 'L', 'grafted_aa': None, 'query_aa': 'V', 'status': 'humanized_by_sapiens'}, {'imgt_pos': 120, 'is_vernier': False, 'mouse_aa': 'A', 'grafted_aa': None, 'query_aa': 'G', 'status': 'humanized_by_sapiens'}, {'imgt_pos': 123, 'is_vernier': False, 'mouse_aa': 'S', 'grafted_aa': None, 'query_aa': 'K', 'status': 'humanized_by_sapiens'}, {'imgt_pos': 124, 'is_vernier': False, 'mouse_aa': 'L', 'grafted_aa': None, 'query_aa': 'V', 'status': 'humanized_by_sapiens'}, {'imgt_pos': 126, 'is_vernier': False, 'mouse_aa': 'L', 'grafted_aa': None, 'query_aa': 'I', 'status': 'humanized_by_sapiens'}]",90.31,91.94,91.11,77.13,94.22,75.33,96.6,-0.2613,-0.137,-0.2983,25,-0.3578,-0.2519,-0.3876,35,0,4,0,0,0,1,2,1,0,0,8.39,6.32,8.0,2.0,21,2,19,2,0.898,0.947,0.1,-0.0558,-1,0,,,,,,,,,,,,,,,,,,,,,,,,,,,,,,,,,,,,,,,,,,
3C3,level_2_seq2_scorecard,,,,,3,2,0,0,2,0,,,,,,,,,,,,,,0.9209,0.9273,0.9143,0.7407,0.988,0.625,1.0,0.95,1.0,IGHV4-59*01,IGKV4-1*01,3,22,19,"[{'imgt_pos': 1, 'is_vernier': False, 'mouse_aa': 'E', 'grafted_aa': 'Q', 'query_aa': 'Q', 'status': 'humanized'}, {'imgt_pos': 2, 'is_vernier': True, 'mouse_aa': 'V', 'grafted_aa': 'L', 'query_aa': 'L', 'status': 'humanized'}, {'imgt_pos': 9, 'is_vernier': False, 'mouse_aa': 'P', 'grafted_aa': 'S', 'query_aa': 'P', 'status': 'back_mutated'}, {'imgt_pos': 13, 'is_vernier': False, 'mouse_aa': 'T', 'grafted_aa': 'V', 'query_aa': 'V', 'status': 'humanized'}, {'imgt_pos': 24, 'is_vernier': False, 'mouse_aa': 'S', 'grafted_aa': 'A', 'query_aa': 'T', 'status': 'other_substitution'}, {'imgt_pos': 26, 'is_vernier': False, 'mouse_aa': 'T', 'grafted_aa': 'S', 'query_aa': 'S', 'status': 'humanized'}, {'imgt_pos': 44, 'is_vernier': False, 'mouse_aa': 'K', 'grafted_aa': 'Q', 'query_aa': 'Q', 'status': 'humanized'}, {'imgt_pos': 45, 'is_vernier': False, 'mouse_aa': 'F', 'grafted_aa': 'P', 'query_aa': 'P', 'status': 'humanized'}, {'imgt_pos': 48, 'is_vernier': True, 'mouse_aa': 'N', 'grafted_aa': 'K', 'query_aa': 'K', 'status': 'humanized'}, {'imgt_pos': 49, 'is_vernier': False, 'mouse_aa': 'K', 'grafted_aa': 'G', 'query_aa': 'G', 'status': 'humanized'}, {'imgt_pos': 52, 'is_vernier': False, 'mouse_aa': 'Y', 'grafted_aa': 'W', 'query_aa': 'W', 'status': 'humanized'}, {'imgt_pos': 53, 'is_vernier': False, 'mouse_aa': 'M', 'grafted_aa': 'I', 'query_aa': 'I', 'status': 'humanized'}, {'imgt_pos': 76, 'is_vernier': False, 'mouse_aa': 'I', 'grafted_aa': 'V', 'query_aa': 'V', 'status': 'humanized'}, {'imgt_pos': 77, 'is_vernier': False, 'mouse_aa': 'S', 'grafted_aa': 'T', 'query_aa': 'T', 'status': 'humanized'}, {'imgt_pos': 79, 'is_vernier': False, 'mouse_aa': 'T', 'grafted_aa': 'S', 'query_aa': 'S', 'status': 'humanized'}, {'imgt_pos': 80, 'is_vernier': True, 'mouse_aa': 'R', 'grafted_aa': 'V', 'query_aa': 'V', 'status': 'humanized'}, {'imgt_pos': 82, 'is_vernier': False, 'mouse_aa': 'T', 'grafted_aa': 'R', 'query_aa': 'T', 'status': 'back_mutated'}, {'imgt_pos': 87, 'is_vernier': False, 'mouse_aa': 'Y', 'grafted_aa': 'F', 'query_aa': 'F', 'status': 'humanized'}, {'imgt_pos': 88, 'is_vernier': False, 'mouse_aa': 'Y', 'grafted_aa': 'S', 'query_aa': 'S', 'status': 'humanized'}, {'imgt_pos': 90, 'is_vernier': False, 'mouse_aa': 'Q', 'grafted_aa': 'K', 'query_aa': 'K', 'status': 'humanized'}, {'imgt_pos': 96, 'is_vernier': False, 'mouse_aa': 'S', 'grafted_aa': 'A', 'query_aa': 'A', 'status': 'humanized'}, {'imgt_pos': 97, 'is_vernier': False, 'mouse_aa': 'E', 'grafted_aa': 'A', 'query_aa': 'A', 'status': 'humanized'}, {'imgt_pos': 99, 'is_vernier': False, 'mouse_aa': 'S', 'grafted_aa': 'T', 'query_aa': 'T', 'status': 'humanized'}, {'imgt_pos': 101, 'is_vernier': False, 'mouse_aa': 'T', 'grafted_aa': 'V', 'query_aa': 'V', 'status': 'humanized'}, {'imgt_pos': 128, 'is_vernier': False, 'mouse_aa': 'A', 'grafted_aa': 'S', 'query_aa': 'S', 'status': 'humanized'}]",2,15,15,"[{'imgt_pos': 2, 'is_vernier': True, 'mouse_aa': 'T', 'grafted_aa': 'I', 'query_aa': 'I', 'status': 'humanized'}, {'imgt_pos': 5, 'is_vernier': False, 'mouse_aa': 'S', 'grafted_aa': 'T', 'query_aa': 'T', 'status': 'humanized'}, {'imgt_pos': 9, 'is_vernier': False, 'mouse_aa': 'S', 'grafted_aa': 'D', 'query_aa': 'D', 'status': 'humanized'}, {'imgt_pos': 12, 'is_vernier': False, 'mouse_aa': 'G', 'grafted_aa': 'A', 'query_aa': 'A', 'status': 'humanized'}, {'imgt_pos': 15, 'is_vernier': False, 'mouse_aa': 'V', 'grafted_aa': 'L', 'query_aa': 'L', 'status': 'humanized'}, {'imgt_pos': 19, 'is_vernier': False, 'mouse_aa': 'V', 'grafted_aa': 'A', 'query_aa': 'A', 'status': 'humanized'}, {'imgt_pos': 21, 'is_vernier': False, 'mouse_aa': 'L', 'grafted_aa': 'I', 'query_aa': 'I', 'status': 'humanized'}, {'imgt_pos': 22, 'is_vernier': False, 'mouse_aa': 'T', 'grafted_aa': 'N', 'query_aa': 'N', 'status': 'humanized'}, {'imgt_pos': 49, 'is_vernier': True, 'mouse_aa': 'S', 'grafted_aa': 'P', 'query_aa': 'P', 'status': 'humanized'}, {'imgt_pos': 77, 'is_vernier': False, 'mouse_aa': 'T', 'grafted_aa': 'S', 'query_aa': 'S', 'status': 'humanized'}, {'imgt_pos': 94, 'is_vernier': False, 'mouse_aa': 'V', 'grafted_aa': 'L', 'query_aa': 'L', 'status': 'humanized'}, {'imgt_pos': 95, 'is_vernier': False, 'mouse_aa': 'K', 'grafted_aa': 'Q', 'query_aa': 'Q', 'status': 'humanized'}, {'imgt_pos': 96, 'is_vernier': False, 'mouse_aa': 'S', 'grafted_aa': 'A', 'query_aa': 'A', 'status': 'humanized'}, {'imgt_pos': 99, 'is_vernier': False, 'mouse_aa': 'L', 'grafted_aa': 'V', 'query_aa': 'V', 'status': 'humanized'}, {'imgt_pos': 120, 'is_vernier': False, 'mouse_aa': 'A', 'grafted_aa': 'Q', 'query_aa': 'Q', 'status': 'humanized'}, {'imgt_pos': 123, 'is_vernier': False, 'mouse_aa': 'S', 'grafted_aa': 'K', 'query_aa': 'K', 'status': 'humanized'}, {'imgt_pos': 126, 'is_vernier': False, 'mouse_aa': 'L', 'grafted_aa': 'I', 'query_aa': 'I', 'status': 'humanized'}]",93.31,95.33,94.3,78.75,97.63,92.72,96.03,-0.2686,-0.1505,-0.3036,29,-0.3692,-0.2703,-0.3958,35,0,4,0,0,0,1,2,1,0,0,8.86,6.32,8.31,3.0,25,3,17,2,0.89,0.991,0.1182,0.0,-1,0,,,,,,,,,,,,,,,,,,,,,,,,,,,,,,,,,,,,,,,,,,
3C3,level_2_germline_selection,,,,,,,,,,,,,,,,,,,,,,,,,,,,,,,,,,,,,,,,,,,,,,,,,,,,,,,,,,,,,,,,,,,,,,,,,,,,,,,,,,IGHV4-30-2*01,IGHV4-30-4*01,IGKV4-1*01,IGKV4-1*01,True,False,True,True,0.956,1.0,0.949,1.0,3,2,1,2,2,0,,,,,,,,,,,,,,,,,,,,,,,,
3C3,level_3_seq6_scorecard,,,,,3,2,0,0,1,0,,,,,,,,,,,,,,0.9209,0.9273,0.9143,0.7407,0.988,0.625,1.0,0.95,1.0,IGHV4-59*01,IGKV4-1*01,3,21,19,"[{'imgt_pos': 1, 'is_vernier': False, 'mouse_aa': 'E', 'grafted_aa': 'Q', 'query_aa': 'Q', 'status': 'humanized'}, {'imgt_pos': 2, 'is_vernier': True, 'mouse_aa': 'V', 'grafted_aa': 'L', 'query_aa': 'L', 'status': 'humanized'}, {'imgt_pos': 9, 'is_vernier': False, 'mouse_aa': 'P', 'grafted_aa': 'S', 'query_aa': 'P', 'status': 'back_mutated'}, {'imgt_pos': 13, 'is_vernier': False, 'mouse_aa': 'T', 'grafted_aa': 'V', 'query_aa': 'V', 'status': 'humanized'}, {'imgt_pos': 24, 'is_vernier': False, 'mouse_aa': 'S', 'grafted_aa': 'A', 'query_aa': 'T', 'status': 'other_substitution'}, {'imgt_pos': 26, 'is_vernier': False, 'mouse_aa': 'T', 'grafted_aa': 'S', 'query_aa': 'S', 'status': 'humanized'}, {'imgt_pos': 44, 'is_vernier': False, 'mouse_aa': 'K', 'grafted_aa': 'Q', 'query_aa': 'Q', 'status': 'humanized'}, {'imgt_pos': 45, 'is_vernier': False, 'mouse_aa': 'F', 'grafted_aa': 'P', 'query_aa': 'P', 'status': 'humanized'}, {'imgt_pos': 48, 'is_vernier': True, 'mouse_aa': 'N', 'grafted_aa': 'K', 'query_aa': 'K', 'status': 'humanized'}, {'imgt_pos': 49, 'is_vernier': False, 'mouse_aa': 'K', 'grafted_aa': 'G', 'query_aa': 'G', 'status': 'humanized'}, {'imgt_pos': 52, 'is_vernier': False, 'mouse_aa': 'Y', 'grafted_aa': 'W', 'query_aa': 'W', 'status': 'humanized'}, {'imgt_pos': 53, 'is_vernier': False, 'mouse_aa': 'M', 'grafted_aa': 'I', 'query_aa': 'I', 'status': 'humanized'}, {'imgt_pos': 76, 'is_vernier': False, 'mouse_aa': 'I', 'grafted_aa': 'V', 'query_aa': 'V', 'status': 'humanized'}, {'imgt_pos': 77, 'is_vernier': False, 'mouse_aa': 'S', 'grafted_aa': 'T', 'query_aa': 'T', 'status': 'humanized'}, {'imgt_pos': 79, 'is_vernier': False, 'mouse_aa': 'T', 'grafted_aa': 'S', 'query_aa': 'S', 'status': 'humanized'}, {'imgt_pos': 80, 'is_vernier': True, 'mouse_aa': 'R', 'grafted_aa': 'V', 'query_aa': 'V', 'status': 'humanized'}, {'imgt_pos': 87, 'is_vernier': False, 'mouse_aa': 'Y', 'grafted_aa': 'F', 'query_aa': 'F', 'status': 'humanized'}, {'imgt_pos': 88, 'is_vernier': False, 'mouse_aa': 'Y', 'grafted_aa': 'S', 'query_aa': 'S', 'status': 'humanized'}, {'imgt_pos': 90, 'is_vernier': False, 'mouse_aa': 'Q', 'grafted_aa': 'K', 'query_aa': 'K', 'status': 'humanized'}, {'imgt_pos': 96, 'is_vernier': False, 'mouse_aa': 'S', 'grafted_aa': 'A', 'query_aa': 'A', 'status': 'humanized'}, {'imgt_pos': 97, 'is_vernier': False, 'mouse_aa': 'E', 'grafted_aa': 'A', 'query_aa': 'A', 'status': 'humanized'}, {'imgt_pos': 99, 'is_vernier': False, 'mouse_aa': 'S', 'grafted_aa': 'T', 'query_aa': 'T', 'status': 'humanized'}, {'imgt_pos': 101, 'is_vernier': False, 'mouse_aa': 'T', 'grafted_aa': 'V', 'query_aa': 'V', 'status': 'humanized'}, {'imgt_pos': 128, 'is_vernier': False, 'mouse_aa': 'A', 'grafted_aa': 'S', 'query_aa': 'S', 'status': 'humanized'}]",2,15,15,"[{'imgt_pos': 2, 'is_vernier': True, 'mouse_aa': 'T', 'grafted_aa': 'I', 'query_aa': 'I', 'status': 'humanized'}, {'imgt_pos': 5, 'is_vernier': False, 'mouse_aa': 'S', 'grafted_aa': 'T', 'query_aa': 'T', 'status': 'humanized'}, {'imgt_pos': 9, 'is_vernier': False, 'mouse_aa': 'S', 'grafted_aa': 'D', 'query_aa': 'D', 'status': 'humanized'}, {'imgt_pos': 12, 'is_vernier': False, 'mouse_aa': 'G', 'grafted_aa': 'A', 'query_aa': 'A', 'status': 'humanized'}, {'imgt_pos': 15, 'is_vernier': False, 'mouse_aa': 'V', 'grafted_aa': 'L', 'query_aa': 'L', 'status': 'humanized'}, {'imgt_pos': 19, 'is_vernier': False, 'mouse_aa': 'V', 'grafted_aa': 'A', 'query_aa': 'A', 'status': 'humanized'}, {'imgt_pos': 21, 'is_vernier': False, 'mouse_aa': 'L', 'grafted_aa': 'I', 'query_aa': 'I', 'status': 'humanized'}, {'imgt_pos': 22, 'is_vernier': False, 'mouse_aa': 'T', 'grafted_aa': 'N', 'query_aa': 'N', 'status': 'humanized'}, {'imgt_pos': 49, 'is_vernier': True, 'mouse_aa': 'S', 'grafted_aa': 'P', 'query_aa': 'P', 'status': 'humanized'}, {'imgt_pos': 77, 'is_vernier': False, 'mouse_aa': 'T', 'grafted_aa': 'S', 'query_aa': 'S', 'status': 'humanized'}, {'imgt_pos': 94, 'is_vernier': False, 'mouse_aa': 'V', 'grafted_aa': 'L', 'query_aa': 'L', 'status': 'humanized'}, {'imgt_pos': 95, 'is_vernier': False, 'mouse_aa': 'K', 'grafted_aa': 'Q', 'query_aa': 'Q', 'status': 'humanized'}, {'imgt_pos': 96, 'is_vernier': False, 'mouse_aa': 'S', 'grafted_aa': 'A', 'query_aa': 'A', 'status': 'humanized'}, {'imgt_pos': 99, 'is_vernier': False, 'mouse_aa': 'L', 'grafted_aa': 'V', 'query_aa': 'V', 'status': 'humanized'}, {'imgt_pos': 120, 'is_vernier': False, 'mouse_aa': 'A', 'grafted_aa': 'Q', 'query_aa': 'Q', 'status': 'humanized'}, {'imgt_pos': 123, 'is_vernier': False, 'mouse_aa': 'S', 'grafted_aa': 'K', 'query_aa': 'K', 'status': 'humanized'}, {'imgt_pos': 126, 'is_vernier': False, 'mouse_aa': 'L', 'grafted_aa': 'I', 'query_aa': 'I', 'status': 'humanized'}]",93.31,95.33,94.3,78.75,97.63,92.72,96.03,-0.2686,-0.1505,-0.3036,29,-0.3692,-0.2703,-0.3958,35,0,4,0,0,0,1,2,1,0,0,8.86,6.32,8.31,3.0,24,3,17,2,0.89,0.991,0.1182,0.0,-1,0,,,,,,,,,,,,,,,,,,,,,,,,,,,,,,,,,,,,,,,,,,
3C3,level_3_conflict_positions,,,,,,,,,,,,,,,,,,,,,,,,,,,,,,,,,,,,,,,,,,,,,,,,,,,,,,,,,,,,,,,,,,,,,,,,,,,,,,,,,,,,,,,,,,,,,,,,,,,,7,7,0,"[{'imgt_pos': 1, 'mouse_aa': 'E', 'seq3_aa': 'Q', 'seq5_aa': 'E', 'seq6_aa': 'Q', 'lab_decision': 'back_mutated', 'sapiens_decision': 'humanized', 'direction': 'sap_over_humanized'}, {'imgt_pos': 44, 'mouse_aa': 'K', 'seq3_aa': 'Q', 'seq5_aa': 'K', 'seq6_aa': 'Q', 'lab_decision': 'back_mutated', 'sapiens_decision': 'humanized', 'direction': 'sap_over_humanized'}, {'imgt_pos': 52, 'mouse_aa': 'Y', 'seq3_aa': 'W', 'seq5_aa': 'Y', 'seq6_aa': 'W', 'lab_decision': 'back_mutated', 'sapiens_decision': 'humanized', 'direction': 'sap_over_humanized'}, {'imgt_pos': 53, 'mouse_aa': 'M', 'seq3_aa': 'I', 'seq5_aa': 'M', 'seq6_aa': 'I', 'lab_decision': 'back_mutated', 'sapiens_decision': 'humanized', 'direction': 'sap_over_humanized'}, {'imgt_pos': 76, 'mouse_aa': 'I', 'seq3_aa': 'V', 'seq5_aa': 'I', 'seq6_aa': 'V', 'lab_decision': 'back_mutated', 'sapiens_decision': 'humanized', 'direction': 'sap_over_humanized'}, {'imgt_pos': 80, 'mouse_aa': 'R', 'seq3_aa': 'V', 'seq5_aa': 'R', 'seq6_aa': 'V', 'lab_decision': 'back_mutated', 'sapiens_decision': 'humanized', 'direction': 'sap_over_humanized'}, {'imgt_pos': 87, 'mouse_aa': 'Y', 'seq3_aa': 'F', 'seq5_aa': 'Y', 'seq6_aa': 'F', 'lab_decision': 'back_mutated', 'sapiens_decision': 'humanized', 'direction': 'sap_over_humanized'}]",15,0,0,0,[],17,,,,,,,,,,,,,,
3C3,level_4_validation,,,,,,,,,,,,,,,,,,,,,,,,,,,,,,,,,,,,,,,,,,,,,,,,,,,,,,,,,,,,,,,,,,,,,,,,,,,,,,,,,,,,,,,,,,,,,,,,,,,,,,,,,,,,,,0.958,1.0,0.967,1.0,7,7,0,0,0.898,1.0,2,"[{'imgt_pos': 2, 'mouse_aa': 'V', 'seq5_aa': 'V', 'seq7_aa': 'L'}, {'imgt_pos': 9, 'mouse_aa': 'P', 'seq5_aa': 'P', 'seq7_aa': 'S'}]",0,[]
1G8,level_0_baseline,IGHV4-30-4*01,IGKV1-NL1*01,0.822,0.814,2,2,1,0,4,0,5,12,9,0,1,0,0,1,1,0,0,0.822,0.814,,,,,,,,,,,,,,,,,,,,,,,,,,,,,,,,,,,,,,,,,,,,,,,,,,,,,,,,,,,,,,,,,,,,,,,,,,,,,,,,,,,,,,,,,,,,,,,,,,,,
1G8,level_1_seq0_scorecard,,,,,2,1,0,0,0,0,,,,,,,,,,,,,,0.8657,0.8727,0.8585,0.5556,0.9759,0.4,1.0,0.887,1.0,IGHV4-30-2*07,IGKV4-1*01,0,16,0,"[{'imgt_pos': 13, 'is_vernier': False, 'mouse_aa': 'A', 'grafted_aa': None, 'query_aa': 'V', 'status': 'humanized_by_sapiens'}, {'imgt_pos': 17, 'is_vernier': False, 'mouse_aa': 'Q', 'grafted_aa': None, 'query_aa': 'E', 'status': 'humanized_by_sapiens'}, {'imgt_pos': 26, 'is_vernier': False, 'mouse_aa': 'T', 'grafted_aa': None, 'query_aa': 'S', 'status': 'humanized_by_sapiens'}, {'imgt_pos': 44, 'is_vernier': False, 'mouse_aa': 'K', 'grafted_aa': None, 'query_aa': 'Q', 'status': 'humanized_by_sapiens'}, {'imgt_pos': 45, 'is_vernier': False, 'mouse_aa': 'F', 'grafted_aa': None, 'query_aa': 'P', 'status': 'humanized_by_sapiens'}, {'imgt_pos': 48, 'is_vernier': True, 'mouse_aa': 'N', 'grafted_aa': None, 'query_aa': 'K', 'status': 'humanized_by_sapiens'}, {'imgt_pos': 49, 'is_vernier': False, 'mouse_aa': 'K', 'grafted_aa': None, 'query_aa': 'G', 'status': 'humanized_by_sapiens'}, {'imgt_pos': 52, 'is_vernier': False, 'mouse_aa': 'F', 'grafted_aa': None, 'query_aa': 'W', 'status': 'humanized_by_sapiens'}, {'imgt_pos': 53, 'is_vernier': False, 'mouse_aa': 'M', 'grafted_aa': None, 'query_aa': 'I', 'status': 'humanized_by_sapiens'}, {'imgt_pos': 76, 'is_vernier': False, 'mouse_aa': 'I', 'grafted_aa': None, 'query_aa': 'V', 'status': 'humanized_by_sapiens'}, {'imgt_pos': 79, 'is_vernier': False, 'mouse_aa': 'T', 'grafted_aa': None, 'query_aa': 'S', 'status': 'humanized_by_sapiens'}, {'imgt_pos': 80, 'is_vernier': True, 'mouse_aa': 'R', 'grafted_aa': None, 'query_aa': 'V', 'status': 'humanized_by_sapiens'}, {'imgt_pos': 87, 'is_vernier': False, 'mouse_aa': 'Y', 'grafted_aa': None, 'query_aa': 'F', 'status': 'humanized_by_sapiens'}, {'imgt_pos': 88, 'is_vernier': False, 'mouse_aa': 'Y', 'grafted_aa': None, 'query_aa': 'S', 'status': 'humanized_by_sapiens'}, {'imgt_pos': 96, 'is_vernier': False, 'mouse_aa': 'T', 'grafted_aa': None, 'query_aa': 'A', 'status': 'humanized_by_sapiens'}, {'imgt_pos': 97, 'is_vernier': False, 'mouse_aa': 'E', 'grafted_aa': None, 'query_aa': 'A', 'status': 'humanized_by_sapiens'}, {'imgt_pos': 101, 'is_vernier': False, 'mouse_aa': 'T', 'grafted_aa': None, 'query_aa': 'V', 'status': 'humanized_by_sapiens'}, {'imgt_pos': 128, 'is_vernier': False, 'mouse_aa': 'A', 'grafted_aa': None, 'query_aa': 'S', 'status': 'humanized_by_sapiens'}]",0,17,0,"[{'imgt_pos': 5, 'is_vernier': False, 'mouse_aa': 'S', 'grafted_aa': None, 'query_aa': 'T', 'status': 'humanized_by_sapiens'}, {'imgt_pos': 9, 'is_vernier': False, 'mouse_aa': 'S', 'grafted_aa': None, 'query_aa': 'D', 'status': 'humanized_by_sapiens'}, {'imgt_pos': 12, 'is_vernier': False, 'mouse_aa': 'G', 'grafted_aa': None, 'query_aa': 'A', 'status': 'humanized_by_sapiens'}, {'imgt_pos': 15, 'is_vernier': False, 'mouse_aa': 'V', 'grafted_aa': None, 'query_aa': 'L', 'status': 'humanized_by_sapiens'}, {'imgt_pos': 18, 'is_vernier': False, 'mouse_aa': 'K', 'grafted_aa': None, 'query_aa': 'R', 'status': 'humanized_by_sapiens'}, {'imgt_pos': 19, 'is_vernier': False, 'mouse_aa': 'I', 'grafted_aa': None, 'query_aa': 'A', 'status': 'humanized_by_sapiens'}, {'imgt_pos': 21, 'is_vernier': False, 'mouse_aa': 'M', 'grafted_aa': None, 'query_aa': 'I', 'status': 'humanized_by_sapiens'}, {'imgt_pos': 22, 'is_vernier': False, 'mouse_aa': 'S', 'grafted_aa': None, 'query_aa': 'N', 'status': 'humanized_by_sapiens'}, {'imgt_pos': 49, 'is_vernier': True, 'mouse_aa': 'S', 'grafted_aa': None, 'query_aa': 'P', 'status': 'humanized_by_sapiens'}, {'imgt_pos': 77, 'is_vernier': False, 'mouse_aa': 'T', 'grafted_aa': None, 'query_aa': 'S', 'status': 'humanized_by_sapiens'}, {'imgt_pos': 94, 'is_vernier': False, 'mouse_aa': 'V', 'grafted_aa': None, 'query_aa': 'L', 'status': 'humanized_by_sapiens'}, {'imgt_pos': 95, 'is_vernier': False, 'mouse_aa': 'K', 'grafted_aa': None, 'query_aa': 'Q', 'status': 'humanized_by_sapiens'}, {'imgt_pos': 96, 'is_vernier': False, 'mouse_aa': 'S', 'grafted_aa': None, 'query_aa': 'A', 'status': 'humanized_by_sapiens'}, {'imgt_pos': 99, 'is_vernier': False, 'mouse_aa': 'L', 'grafted_aa': None, 'query_aa': 'V', 'status': 'humanized_by_sapiens'}, {'imgt_pos': 120, 'is_vernier': False, 'mouse_aa': 'A', 'grafted_aa': None, 'query_aa': 'G', 'status': 'humanized_by_sapiens'}, {'imgt_pos': 123, 'is_vernier': False, 'mouse_aa': 'N', 'grafted_aa': None, 'query_aa': 'K', 'status': 'humanized_by_sapiens'}, {'imgt_pos': 124, 'is_vernier': False, 'mouse_aa': 'L', 'grafted_aa': None, 'query_aa': 'V', 'status': 'humanized_by_sapiens'}, {'imgt_pos': 126, 'is_vernier': False, 'mouse_aa': 'L', 'grafted_aa': None, 'query_aa': 'I', 'status': 'humanized_by_sapiens'}]",90.6,92.41,91.49,74.86,95.27,78.85,96.22,-0.2961,-0.246,-0.311,31,-0.3725,-0.3188,-0.3876,38,1,4,0,0,0,1,2,1,0,0,7.85,6.32,7.59,1.0,18,2,18,1,0.898,0.832,0.0727,-0.0558,-1,0,,,,,,,,,,,,,,,,,,,,,,,,,,,,,,,,,,,,,,,,,,
1G8,level_2_seq2_scorecard,,,,,3,1,0,0,2,0,,,,,,,,,,,,,,0.9163,0.9182,0.9143,0.7407,0.9759,0.625,1.0,0.95,1.0,IGHV4-59*01,IGKV4-1*01,3,21,18,"[{'imgt_pos': 2, 'is_vernier': True, 'mouse_aa': 'V', 'grafted_aa': 'L', 'query_aa': 'L', 'status': 'humanized'}, {'imgt_pos': 9, 'is_vernier': False, 'mouse_aa': 'P', 'grafted_aa': 'S', 'query_aa': 'P', 'status': 'back_mutated'}, {'imgt_pos': 13, 'is_vernier': False, 'mouse_aa': 'A', 'grafted_aa': 'V', 'query_aa': 'V', 'status': 'humanized'}, {'imgt_pos': 24, 'is_vernier': False, 'mouse_aa': 'S', 'grafted_aa': 'A', 'query_aa': 'T', 'status': 'other_substitution'}, {'imgt_pos': 26, 'is_vernier': False, 'mouse_aa': 'T', 'grafted_aa': 'S', 'query_aa': 'S', 'status': 'humanized'}, {'imgt_pos': 44, 'is_vernier': False, 'mouse_aa': 'K', 'grafted_aa': 'Q', 'query_aa': 'Q', 'status': 'humanized'}, {'imgt_pos': 45, 'is_vernier': False, 'mouse_aa': 'F', 'grafted_aa': 'P', 'query_aa': 'P', 'status': 'humanized'}, {'imgt_pos': 48, 'is_vernier': True, 'mouse_aa': 'N', 'grafted_aa': 'K', 'query_aa': 'K', 'status': 'humanized'}, {'imgt_pos': 49, 'is_vernier': False, 'mouse_aa': 'K', 'grafted_aa': 'G', 'query_aa': 'G', 'status': 'humanized'}, {'imgt_pos': 52, 'is_vernier': False, 'mouse_aa': 'F', 'grafted_aa': 'W', 'query_aa': 'W', 'status': 'humanized'}, {'imgt_pos': 53, 'is_vernier': False, 'mouse_aa': 'M', 'grafted_aa': 'I', 'query_aa': 'I', 'status': 'humanized'}, {'imgt_pos': 76, 'is_vernier': False, 'mouse_aa': 'I', 'grafted_aa': 'V', 'query_aa': 'V', 'status': 'humanized'}, {'imgt_pos': 77, 'is_vernier': False, 'mouse_aa': 'S', 'grafted_aa': 'T', 'query_aa': 'T', 'status': 'humanized'}, {'imgt_pos': 79, 'is_vernier': False, 'mouse_aa': 'T', 'grafted_aa': 'S', 'query_aa': 'S', 'status': 'humanized'}, {'imgt_pos': 80, 'is_vernier': True, 'mouse_aa': 'R', 'grafted_aa': 'V', 'query_aa': 'V', 'status': 'humanized'}, {'imgt_pos': 82, 'is_vernier': False, 'mouse_aa': 'T', 'grafted_aa': 'R', 'query_aa': 'T', 'status': 'back_mutated'}, {'imgt_pos': 87, 'is_vernier': False, 'mouse_aa': 'Y', 'grafted_aa': 'F', 'query_aa': 'F', 'status': 'humanized'}, {'imgt_pos': 88, 'is_vernier': False, 'mouse_aa': 'Y', 'grafted_aa': 'S', 'query_aa': 'S', 'status': 'humanized'}, {'imgt_pos': 90, 'is_vernier': False, 'mouse_aa': 'Q', 'grafted_aa': 'K', 'query_aa': 'K', 'status': 'humanized'}, {'imgt_pos': 92, 'is_vernier': False, 'mouse_aa': 'N', 'grafted_aa': 'S', 'query_aa': 'S', 'status': 'humanized'}, {'imgt_pos': 96, 'is_vernier': False, 'mouse_aa': 'T', 'grafted_aa': 'A', 'query_aa': 'A', 'status': 'humanized'}, {'imgt_pos': 97, 'is_vernier': False, 'mouse_aa': 'E', 'grafted_aa': 'A', 'query_aa': 'A', 'status': 'humanized'}, {'imgt_pos': 101, 'is_vernier': False, 'mouse_aa': 'T', 'grafted_aa': 'V', 'query_aa': 'V', 'status': 'humanized'}, {'imgt_pos': 128, 'is_vernier': False, 'mouse_aa': 'A', 'grafted_aa': 'S', 'query_aa': 'S', 'status': 'humanized'}]",1,16,16,"[{'imgt_pos': 5, 'is_vernier': False, 'mouse_aa': 'S', 'grafted_aa': 'T', 'query_aa': 'T', 'status': 'humanized'}, {'imgt_pos': 9, 'is_vernier': False, 'mouse_aa': 'S', 'grafted_aa': 'D', 'query_aa': 'D', 'status': 'humanized'}, {'imgt_pos': 12, 'is_vernier': False, 'mouse_aa': 'G', 'grafted_aa': 'A', 'query_aa': 'A', 'status': 'humanized'}, {'imgt_pos': 15, 'is_vernier': False, 'mouse_aa': 'V', 'grafted_aa': 'L', 'query_aa': 'L', 'status': 'humanized'}, {'imgt_pos': 18, 'is_vernier': False, 'mouse_aa': 'K', 'grafted_aa': 'R', 'query_aa': 'R', 'status': 'humanized'}, {'imgt_pos': 19, 'is_vernier': False, 'mouse_aa': 'I', 'grafted_aa': 'A', 'query_aa': 'A', 'status': 'humanized'}, {'imgt_pos': 21, 'is_vernier': False, 'mouse_aa': 'M', 'grafted_aa': 'I', 'query_aa': 'I', 'status': 'humanized'}, {'imgt_pos': 22, 'is_vernier': False, 'mouse_aa': 'S', 'grafted_aa': 'N', 'query_aa': 'N', 'status': 'humanized'}, {'imgt_pos': 49, 'is_vernier': True, 'mouse_aa': 'S', 'grafted_aa': 'P', 'query_aa': 'P', 'status': 'humanized'}, {'imgt_pos': 77, 'is_vernier': False, 'mouse_aa': 'T', 'grafted_aa': 'S', 'query_aa': 'S', 'status': 'humanized'}, {'imgt_pos': 94, 'is_vernier': False, 'mouse_aa': 'V', 'grafted_aa': 'L', 'query_aa': 'L', 'status': 'humanized'}, {'imgt_pos': 95, 'is_vernier': False, 'mouse_aa': 'K', 'grafted_aa': 'Q', 'query_aa': 'Q', 'status': 'humanized'}, {'imgt_pos': 96, 'is_vernier': False, 'mouse_aa': 'S', 'grafted_aa': 'A', 'query_aa': 'A', 'status': 'humanized'}, {'imgt_pos': 99, 'is_vernier': False, 'mouse_aa': 'L', 'grafted_aa': 'V', 'query_aa': 'V', 'status': 'humanized'}, {'imgt_pos': 120, 'is_vernier': False, 'mouse_aa': 'A', 'grafted_aa': 'Q', 'query_aa': 'Q', 'status': 'humanized'}, {'imgt_pos': 123, 'is_vernier': False, 'mouse_aa': 'N', 'grafted_aa': 'K', 'query_aa': 'K', 'status': 'humanized'}, {'imgt_pos': 126, 'is_vernier': False, 'mouse_aa': 'L', 'grafted_aa': 'I', 'query_aa': 'I', 'status': 'humanized'}]",92.6,96.28,94.4,77.92,96.95,94.04,96.88,-0.2951,-0.2537,-0.3074,34,-0.384,-0.3399,-0.3958,38,0,4,0,0,0,1,2,1,0,0,8.39,6.32,8.0,2.0,24,3,17,1,0.898,0.876,0.1182,0.0,-1,0,,,,,,,,,,,,,,,,,,,,,,,,,,,,,,,,,,,,,,,,,,
1G8,level_2_germline_selection,,,,,,,,,,,,,,,,,,,,,,,,,,,,,,,,,,,,,,,,,,,,,,,,,,,,,,,,,,,,,,,,,,,,,,,,,,,,,,,,,,IGHV4-30-2*01,IGHV4-30-4*01,IGKV4-1*01,IGKV1-NL1*01,True,False,False,False,0.956,0.843,0.949,0.876,3,2,1,1,2,-1,,,,,,,,,,,,,,,,,,,,,,,,
1G8,level_3_seq6_scorecard,,,,,3,2,0,1,1,6,,,,,,,,,,,,,,0.9163,0.9182,0.9143,0.7407,0.9759,0.625,1.0,0.95,0.772,IGHV4-59*01,IGKV4-1*01,3,20,18,"[{'imgt_pos': 2, 'is_vernier': True, 'mouse_aa': 'V', 'grafted_aa': 'L', 'query_aa': 'L', 'status': 'humanized'}, {'imgt_pos': 9, 'is_vernier': False, 'mouse_aa': 'P', 'grafted_aa': 'S', 'query_aa': 'P', 'status': 'back_mutated'}, {'imgt_pos': 13, 'is_vernier': False, 'mouse_aa': 'A', 'grafted_aa': 'V', 'query_aa': 'V', 'status': 'humanized'}, {'imgt_pos': 24, 'is_vernier': False, 'mouse_aa': 'S', 'grafted_aa': 'A', 'query_aa': 'T', 'status': 'other_substitution'}, {'imgt_pos': 26, 'is_vernier': False, 'mouse_aa': 'T', 'grafted_aa': 'S', 'query_aa': 'S', 'status': 'humanized'}, {'imgt_pos': 44, 'is_vernier': False, 'mouse_aa': 'K', 'grafted_aa': 'Q', 'query_aa': 'Q', 'status': 'humanized'}, {'imgt_pos': 45, 'is_vernier': False, 'mouse_aa': 'F', 'grafted_aa': 'P', 'query_aa': 'P', 'status': 'humanized'}, {'imgt_pos': 48, 'is_vernier': True, 'mouse_aa': 'N', 'grafted_aa': 'K', 'query_aa': 'K', 'status': 'humanized'}, {'imgt_pos': 49, 'is_vernier': False, 'mouse_aa': 'K', 'grafted_aa': 'G', 'query_aa': 'G', 'status': 'humanized'}, {'imgt_pos': 52, 'is_vernier': False, 'mouse_aa': 'F', 'grafted_aa': 'W', 'query_aa': 'W', 'status': 'humanized'}, {'imgt_pos': 53, 'is_vernier': False, 'mouse_aa': 'M', 'grafted_aa': 'I', 'query_aa': 'I', 'status': 'humanized'}, {'imgt_pos': 76, 'is_vernier': False, 'mouse_aa': 'I', 'grafted_aa': 'V', 'query_aa': 'V', 'status': 'humanized'}, {'imgt_pos': 77, 'is_vernier': False, 'mouse_aa': 'S', 'grafted_aa': 'T', 'query_aa': 'T', 'status': 'humanized'}, {'imgt_pos': 79, 'is_vernier': False, 'mouse_aa': 'T', 'grafted_aa': 'S', 'query_aa': 'S', 'status': 'humanized'}, {'imgt_pos': 80, 'is_vernier': True, 'mouse_aa': 'R', 'grafted_aa': 'V', 'query_aa': 'V', 'status': 'humanized'}, {'imgt_pos': 87, 'is_vernier': False, 'mouse_aa': 'Y', 'grafted_aa': 'F', 'query_aa': 'F', 'status': 'humanized'}, {'imgt_pos': 88, 'is_vernier': False, 'mouse_aa': 'Y', 'grafted_aa': 'S', 'query_aa': 'S', 'status': 'humanized'}, {'imgt_pos': 90, 'is_vernier': False, 'mouse_aa': 'Q', 'grafted_aa': 'K', 'query_aa': 'K', 'status': 'humanized'}, {'imgt_pos': 92, 'is_vernier': False, 'mouse_aa': 'N', 'grafted_aa': 'S', 'query_aa': 'S', 'status': 'humanized'}, {'imgt_pos': 96, 'is_vernier': False, 'mouse_aa': 'T', 'grafted_aa': 'A', 'query_aa': 'A', 'status': 'humanized'}, {'imgt_pos': 97, 'is_vernier': False, 'mouse_aa': 'E', 'grafted_aa': 'A', 'query_aa': 'A', 'status': 'humanized'}, {'imgt_pos': 101, 'is_vernier': False, 'mouse_aa': 'T', 'grafted_aa': 'V', 'query_aa': 'V', 'status': 'humanized'}, {'imgt_pos': 128, 'is_vernier': False, 'mouse_aa': 'A', 'grafted_aa': 'S', 'query_aa': 'S', 'status': 'humanized'}]",0,20,11,"[{'imgt_pos': 3, 'is_vernier': False, 'mouse_aa': 'V', 'grafted_aa': 'Q', 'query_aa': 'V', 'status': 'back_mutated'}, {'imgt_pos': 5, 'is_vernier': False, 'mouse_aa': 'S', 'grafted_aa': 'T', 'query_aa': 'T', 'status': 'humanized'}, {'imgt_pos': 11, 'is_vernier': False, 'mouse_aa': 'L', 'grafted_aa': 'V', 'query_aa': 'L', 'status': 'back_mutated'}, {'imgt_pos': 12, 'is_vernier': False, 'mouse_aa': 'G', 'grafted_aa': 'S', 'query_aa': 'S', 'status': 'humanized'}, {'imgt_pos': 13, 'is_vernier': False, 'mouse_aa': 'V', 'grafted_aa': 'A', 'query_aa': 'V', 'status': 'back_mutated'}, {'imgt_pos': 17, 'is_vernier': False, 'mouse_aa': 'E', 'grafted_aa': 'D', 'query_aa': 'E', 'status': 'back_mutated'}, {'imgt_pos': 18, 'is_vernier': False, 'mouse_aa': 'K', 'grafted_aa': 'R', 'query_aa': 'R', 'status': 'humanized'}, {'imgt_pos': 19, 'is_vernier': False, 'mouse_aa': 'I', 'grafted_aa': 'V', 'query_aa': 'V', 'status': 'humanized'}, {'imgt_pos': 21, 'is_vernier': False, 'mouse_aa': 'M', 'grafted_aa': 'I', 'query_aa': 'I', 'status': 'humanized'}, {'imgt_pos': 22, 'is_vernier': False, 'mouse_aa': 'S', 'grafted_aa': 'T', 'query_aa': 'N', 'status': 'other_substitution'}, {'imgt_pos': 48, 'is_vernier': True, 'mouse_aa': 'Q', 'grafted_aa': 'K', 'query_aa': 'Q', 'status': 'back_mutated'}, {'imgt_pos': 49, 'is_vernier': True, 'mouse_aa': 'S', 'grafted_aa': 'A', 'query_aa': 'P', 'status': 'other_substitution'}, {'imgt_pos': 74, 'is_vernier': False, 'mouse_aa': 'D', 'grafted_aa': 'S', 'query_aa': 'D', 'status': 'back_mutated'}, {'imgt_pos': 77, 'is_vernier': False, 'mouse_aa': 'T', 'grafted_aa': 'S', 'query_aa': 'S', 'status': 'humanized'}, {'imgt_pos': 94, 'is_vernier': False, 'mouse_aa': 'V', 'grafted_aa': 'L', 'query_aa': 'L', 'status': 'humanized'}, {'imgt_pos': 95, 'is_vernier': False, 'mouse_aa': 'K', 'grafted_aa': 'Q', 'query_aa': 'Q', 'status': 'humanized'}, {'imgt_pos': 96, 'is_vernier': False, 'mouse_aa': 'S', 'grafted_aa': 'P', 'query_aa': 'A', 'status': 'other_substitution'}, {'imgt_pos': 99, 'is_vernier': False, 'mouse_aa': 'L', 'grafted_aa': 'F', 'query_aa': 'V', 'status': 'other_substitution'}, {'imgt_pos': 101, 'is_vernier': False, 'mouse_aa': 'V', 'grafted_aa': 'T', 'query_aa': 'V', 'status': 'back_mutated'}, {'imgt_pos': 120, 'is_vernier': False, 'mouse_aa': 'A', 'grafted_aa': 'Q', 'query_aa': 'Q', 'status': 'humanized'}, {'imgt_pos': 123, 'is_vernier': False, 'mouse_aa': 'N', 'grafted_aa': 'K', 'query_aa': 'K', 'status': 'humanized'}, {'imgt_pos': 126, 'is_vernier': False, 'mouse_aa': 'L', 'grafted_aa': 'I', 'query_aa': 'I', 'status': 'humanized'}]",92.65,96.41,94.49,78.33,96.9,94.43,96.94,-0.2951,-0.2537,-0.3074,34,-0.3808,-0.3399,-0.3918,39,0,4,0,0,0,1,2,1,0,0,8.39,6.32,8.0,2.0,23,3,22,2,0.898,0.894,0.1182,0.0,-1,1,,,,,,,,,,,,,,,,,,,,,,,,,,,,,,,,,,,,,,,,,,
1G8,level_3_conflict_positions,,,,,,,,,,,,,,,,,,,,,,,,,,,,,,,,,,,,,,,,,,,,,,,,,,,,,,,,,,,,,,,,,,,,,,,,,,,,,,,,,,,,,,,,,,,,,,,,,,,,5,5,0,"[{'imgt_pos': 44, 'mouse_aa': 'K', 'seq3_aa': 'Q', 'seq5_aa': 'K', 'seq6_aa': 'Q', 'lab_decision': 'back_mutated', 'sapiens_decision': 'humanized', 'direction': 'sap_over_humanized'}, {'imgt_pos': 53, 'mouse_aa': 'M', 'seq3_aa': 'I', 'seq5_aa': 'M', 'seq6_aa': 'I', 'lab_decision': 'back_mutated', 'sapiens_decision': 'humanized', 'direction': 'sap_over_humanized'}, {'imgt_pos': 76, 'mouse_aa': 'I', 'seq3_aa': 'V', 'seq5_aa': 'I', 'seq6_aa': 'V', 'lab_decision': 'back_mutated', 'sapiens_decision': 'humanized', 'direction': 'sap_over_humanized'}, {'imgt_pos': 80, 'mouse_aa': 'R', 'seq3_aa': 'V', 'seq5_aa': 'R', 'seq6_aa': 'V', 'lab_decision': 'back_mutated', 'sapiens_decision': 'humanized', 'direction': 'sap_over_humanized'}, {'imgt_pos': 87, 'mouse_aa': 'Y', 'seq3_aa': 'F', 'seq5_aa': 'Y', 'seq6_aa': 'F', 'lab_decision': 'back_mutated', 'sapiens_decision': 'humanized', 'direction': 'sap_over_humanized'}]",16,6,0,6,"[{'imgt_pos': 3, 'mouse_aa': 'V', 'seq3_aa': 'Q', 'seq5_aa': 'Q', 'seq6_aa': 'V', 'lab_decision': 'humanized', 'sapiens_decision': 'back_mutated', 'direction': 'sap_over_conservative'}, {'imgt_pos': 13, 'mouse_aa': 'V', 'seq3_aa': 'A', 'seq5_aa': 'A', 'seq6_aa': 'V', 'lab_decision': 'humanized', 'sapiens_decision': 'back_mutated', 'direction': 'sap_over_conservative'}, {'imgt_pos': 17, 'mouse_aa': 'E', 'seq3_aa': 'D', 'seq5_aa': 'D', 'seq6_aa': 'E', 'lab_decision': 'humanized', 'sapiens_decision': 'back_mutated', 'direction': 'sap_over_conservative'}, {'imgt_pos': 48, 'mouse_aa': 'Q', 'seq3_aa': 'K', 'seq5_aa': 'K', 'seq6_aa': 'Q', 'lab_decision': 'humanized', 'sapiens_decision': 'back_mutated', 'direction': 'sap_over_conservative'}, {'imgt_pos': 74, 'mouse_aa': 'D', 'seq3_aa': 'S', 'seq5_aa': 'S', 'seq6_aa': 'D', 'lab_decision': 'humanized', 'sapiens_decision': 'back_mutated', 'direction': 'sap_over_conservative'}, {'imgt_pos': 101, 'mouse_aa': 'V', 'seq3_aa': 'T', 'seq5_aa': 'T', 'seq6_aa': 'V', 'lab_decision': 'humanized', 'sapiens_decision': 'back_mutated', 'direction': 'sap_over_conservative'}]",15,,,,,,,,,,,,,,
1G8,level_4_validation,,,,,,,,,,,,,,,,,,,,,,,,,,,,,,,,,,,,,,,,,,,,,,,,,,,,,,,,,,,,,,,,,,,,,,,,,,,,,,,,,,,,,,,,,,,,,,,,,,,,,,,,,,,,,,0.958,0.991,0.967,0.989,5,5,0,0,0.898,0.991,2,"[{'imgt_pos': 2, 'mouse_aa': 'V', 'seq5_aa': 'V', 'seq7_aa': 'L'}, {'imgt_pos': 9, 'mouse_aa': 'P', 'seq5_aa': 'P', 'seq7_aa': 'S'}]",1,"[{'imgt_pos': 11, 'mouse_aa': 'L', 'seq5_aa': 'L', 'seq7_aa': 'V'}]"
2B6,level_0_baseline,IGHV3-23*04,IGKV1D-13*02,0.853,0.813,1,3,0,0,2,0,2,9,9,0,0,0,0,0,2,0,0,0.853,0.813,,,,,,,,,,,,,,,,,,,,,,,,,,,,,,,,,,,,,,,,,,,,,,,,,,,,,,,,,,,,,,,,,,,,,,,,,,,,,,,,,,,,,,,,,,,,,,,,,,,,
2B6,level_1_seq0_scorecard,,,,,1,2,0,0,0,0,,,,,,,,,,,,,,0.8269,0.8611,0.79,0.68,0.9157,0.3158,0.9012,0.925,0.835,IGHV3-21*01,IGKV1-12*01,0,9,0,"[{'imgt_pos': 3, 'is_vernier': False, 'mouse_aa': 'K', 'grafted_aa': None, 'query_aa': 'Q', 'status': 'humanized_by_sapiens'}, {'imgt_pos': 20, 'is_vernier': False, 'mouse_aa': 'K', 'grafted_aa': None, 'query_aa': 'R', 'status': 'humanized_by_sapiens'}, {'imgt_pos': 26, 'is_vernier': False, 'mouse_aa': 'A', 'grafted_aa': None, 'query_aa': 'S', 'status': 'humanized_by_sapiens'}, {'imgt_pos': 45, 'is_vernier': False, 'mouse_aa': 'T', 'grafted_aa': None, 'query_aa': 'A', 'status': 'humanized_by_sapiens'}, {'imgt_pos': 47, 'is_vernier': True, 'mouse_aa': 'A', 'grafted_aa': None, 'query_aa': 'G', 'status': 'humanized_by_sapiens'}, {'imgt_pos': 49, 'is_vernier': False, 'mouse_aa': 'R', 'grafted_aa': None, 'query_aa': 'G', 'status': 'humanized_by_sapiens'}, {'imgt_pos': 68, 'is_vernier': False, 'mouse_aa': 'P', 'grafted_aa': None, 'query_aa': 'A', 'status': 'humanized_by_sapiens'}, {'imgt_pos': 96, 'is_vernier': False, 'mouse_aa': 'S', 'grafted_aa': None, 'query_aa': 'A', 'status': 'humanized_by_sapiens'}, {'imgt_pos': 101, 'is_vernier': False, 'mouse_aa': 'M', 'grafted_aa': None, 'query_aa': 'V', 'status': 'humanized_by_sapiens'}, {'imgt_pos': 123, 'is_vernier': False, 'mouse_aa': 'S', 'grafted_aa': None, 'query_aa': 'L', 'status': 'humanized_by_sapiens'}]",0,10,0,"[{'imgt_pos': 2, 'is_vernier': True, 'mouse_aa': 'T', 'grafted_aa': None, 'query_aa': 'I', 'status': 'humanized_by_sapiens'}, {'imgt_pos': 3, 'is_vernier': False, 'mouse_aa': 'V', 'grafted_aa': None, 'query_aa': 'Q', 'status': 'humanized_by_sapiens'}, {'imgt_pos': 8, 'is_vernier': False, 'mouse_aa': 'D', 'grafted_aa': None, 'query_aa': 'P', 'status': 'humanized_by_sapiens'}, {'imgt_pos': 9, 'is_vernier': False, 'mouse_aa': 'K', 'grafted_aa': None, 'query_aa': 'S', 'status': 'humanized_by_sapiens'}, {'imgt_pos': 13, 'is_vernier': False, 'mouse_aa': 'T', 'grafted_aa': None, 'query_aa': 'A', 'status': 'humanized_by_sapiens'}, {'imgt_pos': 24, 'is_vernier': False, 'mouse_aa': 'K', 'grafted_aa': None, 'query_aa': 'R', 'status': 'humanized_by_sapiens'}, {'imgt_pos': 49, 'is_vernier': True, 'mouse_aa': 'S', 'grafted_aa': None, 'query_aa': 'A', 'status': 'humanized_by_sapiens'}, {'imgt_pos': 74, 'is_vernier': False, 'mouse_aa': 'D', 'grafted_aa': None, 'query_aa': 'S', 'status': 'humanized_by_sapiens'}, {'imgt_pos': 77, 'is_vernier': False, 'mouse_aa': 'T', 'grafted_aa': None, 'query_aa': 'S', 'status': 'humanized_by_sapiens'}, {'imgt_pos': 94, 'is_vernier': False, 'mouse_aa': 'V', 'grafted_aa': None, 'query_aa': 'L', 'status': 'humanized_by_sapiens'}, {'imgt_pos': 101, 'is_vernier': False, 'mouse_aa': 'D', 'grafted_aa': None, 'query_aa': 'T', 'status': 'humanized_by_sapiens'}, {'imgt_pos': 124, 'is_vernier': False, 'mouse_aa': 'L', 'grafted_aa': None, 'query_aa': 'V', 'status': 'humanized_by_sapiens'}]",96.01,94.61,95.34,89.06,97.92,82.48,97.2,-0.2488,0.0006,-0.3173,26,-0.2884,-0.1059,-0.3274,27,2,5,1,0,0,0,3,0,0,0,7.86,7.88,8.02,2.1,10,1,12,2,0.957,0.869,0.0185,-0.0282,0,0,,,,,,,,,,,,,,,,,,,,,,,,,,,,,,,,,,,,,,,,,,
2B6,level_2_seq2_scorecard,,,,,1,6,0,0,0,2,,,,,,,,,,,,,,0.8107,0.8704,0.7449,0.68,0.9277,0.4118,0.8148,0.963,0.987,IGHV3-48*03,IGKV1-5*02,1,12,12,"[{'imgt_pos': 3, 'is_vernier': False, 'mouse_aa': 'K', 'grafted_aa': 'Q', 'query_aa': 'Q', 'status': 'humanized'}, {'imgt_pos': 14, 'is_vernier': False, 'mouse_aa': 'K', 'grafted_aa': 'Q', 'query_aa': 'Q', 'status': 'humanized'}, {'imgt_pos': 20, 'is_vernier': False, 'mouse_aa': 'K', 'grafted_aa': 'R', 'query_aa': 'R', 'status': 'humanized'}, {'imgt_pos': 26, 'is_vernier': False, 'mouse_aa': 'A', 'grafted_aa': 'S', 'query_aa': 'S', 'status': 'humanized'}, {'imgt_pos': 45, 'is_vernier': False, 'mouse_aa': 'T', 'grafted_aa': 'A', 'query_aa': 'A', 'status': 'humanized'}, {'imgt_pos': 47, 'is_vernier': True, 'mouse_aa': 'A', 'grafted_aa': 'G', 'query_aa': 'G', 'status': 'humanized'}, {'imgt_pos': 49, 'is_vernier': False, 'mouse_aa': 'R', 'grafted_aa': 'G', 'query_aa': 'G', 'status': 'humanized'}, {'imgt_pos': 84, 'is_vernier': False, 'mouse_aa': 'R', 'grafted_aa': 'K', 'query_aa': 'K', 'status': 'humanized'}, {'imgt_pos': 86, 'is_vernier': False, 'mouse_aa': 'T', 'grafted_aa': 'S', 'query_aa': 'S', 'status': 'humanized'}, {'imgt_pos': 92, 'is_vernier': False, 'mouse_aa': 'S', 'grafted_aa': 'N', 'query_aa': 'N', 'status': 'humanized'}, {'imgt_pos': 96, 'is_vernier': False, 'mouse_aa': 'S', 'grafted_aa': 'A', 'query_aa': 'A', 'status': 'humanized'}, {'imgt_pos': 101, 'is_vernier': False, 'mouse_aa': 'M', 'grafted_aa': 'V', 'query_aa': 'V', 'status': 'humanized'}, {'imgt_pos': 123, 'is_vernier': False, 'mouse_aa': 'S', 'grafted_aa': 'M', 'query_aa': 'M', 'status': 'humanized'}]",5,21,17,"[{'imgt_pos': 2, 'is_vernier': True, 'mouse_aa': 'T', 'grafted_aa': 'I', 'query_aa': 'I', 'status': 'humanized'}, {'imgt_pos': 3, 'is_vernier': False, 'mouse_aa': 'V', 'grafted_aa': 'Q', 'query_aa': 'Q', 'status': 'humanized'}, {'imgt_pos': 8, 'is_vernier': False, 'mouse_aa': 'D', 'grafted_aa': 'P', 'query_aa': 'P', 'status': 'humanized'}, {'imgt_pos': 9, 'is_vernier': False, 'mouse_aa': 'K', 'grafted_aa': 'S', 'query_aa': 'S', 'status': 'humanized'}, {'imgt_pos': 10, 'is_vernier': False, 'mouse_aa': 'F', 'grafted_aa': 'S', 'query_aa': 'S', 'status': 'humanized'}, {'imgt_pos': 11, 'is_vernier': False, 'mouse_aa': 'M', 'grafted_aa': 'L', 'query_aa': 'L', 'status': 'humanized'}, {'imgt_pos': 13, 'is_vernier': False, 'mouse_aa': 'T', 'grafted_aa': 'A', 'query_aa': 'A', 'status': 'humanized'}, {'imgt_pos': 20, 'is_vernier': False, 'mouse_aa': 'S', 'grafted_aa': 'T', 'query_aa': 'T', 'status': 'humanized'}, {'imgt_pos': 39, 'is_vernier': False, 'mouse_aa': 'V', 'grafted_aa': 'A', 'query_aa': 'L', 'status': 'other_substitution'}, {'imgt_pos': 48, 'is_vernier': True, 'mouse_aa': 'Q', 'grafted_aa': 'K', 'query_aa': 'K', 'status': 'humanized'}, {'imgt_pos': 49, 'is_vernier': True, 'mouse_aa': 'S', 'grafted_aa': 'V', 'query_aa': 'V', 'status': 'humanized'}, {'imgt_pos': 55, 'is_vernier': False, 'mouse_aa': 'Y', 'grafted_aa': 'W', 'query_aa': 'Y', 'status': 'back_mutated'}, {'imgt_pos': 66, 'is_vernier': True, 'mouse_aa': 'T', 'grafted_aa': 'R', 'query_aa': 'R', 'status': 'humanized'}, {'imgt_pos': 67, 'is_vernier': False, 'mouse_aa': 'R', 'grafted_aa': 'H', 'query_aa': 'L', 'status': 'other_substitution'}, {'imgt_pos': 68, 'is_vernier': True, 'mouse_aa': 'H', 'grafted_aa': 'T', 'query_aa': 'Q', 'status': 'other_substitution'}, {'imgt_pos': 69, 'is_vernier': True, 'mouse_aa': 'T', 'grafted_aa': 'S', 'query_aa': 'S', 'status': 'humanized'}, {'imgt_pos': 74, 'is_vernier': False, 'mouse_aa': 'D', 'grafted_aa': 'S', 'query_aa': 'S', 'status': 'humanized'}, {'imgt_pos': 77, 'is_vernier': False, 'mouse_aa': 'T', 'grafted_aa': 'S', 'query_aa': 'S', 'status': 'humanized'}, {'imgt_pos': 93, 'is_vernier': False, 'mouse_aa': 'N', 'grafted_aa': 'S', 'query_aa': 'S', 'status': 'humanized'}, {'imgt_pos': 94, 'is_vernier': False, 'mouse_aa': 'V', 'grafted_aa': 'L', 'query_aa': 'L', 'status': 'humanized'}, {'imgt_pos': 96, 'is_vernier': False, 'mouse_aa': 'S', 'grafted_aa': 'P', 'query_aa': 'P', 'status': 'humanized'}, {'imgt_pos': 99, 'is_vernier': False, 'mouse_aa': 'L', 'grafted_aa': 'V', 'query_aa': 'V', 'status': 'humanized'}, {'imgt_pos': 101, 'is_vernier': False, 'mouse_aa': 'D', 'grafted_aa': 'T', 'query_aa': 'T', 'status': 'humanized'}, {'imgt_pos': 103, 'is_vernier': False, 'mouse_aa': 'F', 'grafted_aa': 'Y', 'query_aa': 'Y', 'status': 'humanized'}, {'imgt_pos': 104, 'is_vernier': False, 'mouse_aa': 'C', 'grafted_aa': 'Q', 'query_aa': 'C', 'status': 'back_mutated'}, {'imgt_pos': 120, 'is_vernier': False, 'mouse_aa': 'G', 'grafted_aa': 'Q', 'query_aa': 'Q', 'status': 'humanized'}, {'imgt_pos': 124, 'is_vernier': False, 'mouse_aa': 'L', 'grafted_aa': 'V', 'query_aa': 'V', 'status': 'humanized'}]",96.59,91.99,94.39,94.56,97.15,80.93,94.25,-0.2809,-0.0759,-0.3372,25,-0.3183,-0.1288,-0.3571,21,3,6,1,0,0,0,2,0,0,0,7.85,8.41,8.31,3.0,13,1,27,6,0.931,0.838,0.0278,-0.0733,0,0,,,,,,,,,,,,,,,,,,,,,,,,,,,,,,,,,,,,,,,,,,
2B6,level_2_germline_selection,,,,,,,,,,,,,,,,,,,,,,,,,,,,,,,,,,,,,,,,,,,,,,,,,,,,,,,,,,,,,,,,,,,,,,,,,,,,,,,,,,IGHV3-48*03,IGHV3-23*04,IGKV1-5*02,IGKV1D-13*02,True,False,False,False,0.945,0.898,0.957,0.829,1,1,0,6,3,3,,,,,,,,,,,,,,,,,,,,,,,,
2B6,level_3_seq6_scorecard,,,,,1,6,0,0,0,2,,,,,,,,,,,,,,0.8204,0.8796,0.7551,0.68,0.9398,0.4118,0.8272,0.975,0.987,IGHV3-23*04,IGKV1-5*02,1,13,13,"[{'imgt_pos': 3, 'is_vernier': False, 'mouse_aa': 'K', 'grafted_aa': 'Q', 'query_aa': 'Q', 'status': 'humanized'}, {'imgt_pos': 14, 'is_vernier': False, 'mouse_aa': 'K', 'grafted_aa': 'Q', 'query_aa': 'Q', 'status': 'humanized'}, {'imgt_pos': 20, 'is_vernier': False, 'mouse_aa': 'K', 'grafted_aa': 'R', 'query_aa': 'R', 'status': 'humanized'}, {'imgt_pos': 26, 'is_vernier': False, 'mouse_aa': 'A', 'grafted_aa': 'S', 'query_aa': 'S', 'status': 'humanized'}, {'imgt_pos': 45, 'is_vernier': False, 'mouse_aa': 'T', 'grafted_aa': 'A', 'query_aa': 'A', 'status': 'humanized'}, {'imgt_pos': 47, 'is_vernier': True, 'mouse_aa': 'A', 'grafted_aa': 'G', 'query_aa': 'G', 'status': 'humanized'}, {'imgt_pos': 49, 'is_vernier': False, 'mouse_aa': 'R', 'grafted_aa': 'G', 'query_aa': 'G', 'status': 'humanized'}, {'imgt_pos': 54, 'is_vernier': False, 'mouse_aa': 'A', 'grafted_aa': 'S', 'query_aa': 'S', 'status': 'humanized'}, {'imgt_pos': 83, 'is_vernier': False, 'mouse_aa': 'A', 'grafted_aa': 'S', 'query_aa': 'S', 'status': 'humanized'}, {'imgt_pos': 84, 'is_vernier': False, 'mouse_aa': 'R', 'grafted_aa': 'K', 'query_aa': 'K', 'status': 'humanized'}, {'imgt_pos': 92, 'is_vernier': False, 'mouse_aa': 'S', 'grafted_aa': 'N', 'query_aa': 'N', 'status': 'humanized'}, {'imgt_pos': 96, 'is_vernier': False, 'mouse_aa': 'S', 'grafted_aa': 'A', 'query_aa': 'A', 'status': 'humanized'}, {'imgt_pos': 101, 'is_vernier': False, 'mouse_aa': 'M', 'grafted_aa': 'V', 'query_aa': 'V', 'status': 'humanized'}, {'imgt_pos': 123, 'is_vernier': False, 'mouse_aa': 'S', 'grafted_aa': 'M', 'query_aa': 'M', 'status': 'humanized'}]",5,21,17,"[{'imgt_pos': 2, 'is_vernier': True, 'mouse_aa': 'T', 'grafted_aa': 'I', 'query_aa': 'I', 'status': 'humanized'}, {'imgt_pos': 3, 'is_vernier': False, 'mouse_aa': 'V', 'grafted_aa': 'Q', 'query_aa': 'Q', 'status': 'humanized'}, {'imgt_pos': 8, 'is_vernier': False, 'mouse_aa': 'D', 'grafted_aa': 'P', 'query_aa': 'P', 'status': 'humanized'}, {'imgt_pos': 9, 'is_vernier': False, 'mouse_aa': 'K', 'grafted_aa': 'S', 'query_aa': 'S', 'status': 'humanized'}, {'imgt_pos': 10, 'is_vernier': False, 'mouse_aa': 'F', 'grafted_aa': 'S', 'query_aa': 'S', 'status': 'humanized'}, {'imgt_pos': 11, 'is_vernier': False, 'mouse_aa': 'M', 'grafted_aa': 'V', 'query_aa': 'V', 'status': 'humanized'}, {'imgt_pos': 13, 'is_vernier': False, 'mouse_aa': 'T', 'grafted_aa': 'A', 'query_aa': 'A', 'status': 'humanized'}, {'imgt_pos': 20, 'is_vernier': False, 'mouse_aa': 'S', 'grafted_aa': 'T', 'query_aa': 'T', 'status': 'humanized'}, {'imgt_pos': 39, 'is_vernier': False, 'mouse_aa': 'V', 'grafted_aa': 'A', 'query_aa': 'L', 'status': 'other_substitution'}, {'imgt_pos': 48, 'is_vernier': True, 'mouse_aa': 'Q', 'grafted_aa': 'K', 'query_aa': 'K', 'status': 'humanized'}, {'imgt_pos': 49, 'is_vernier': True, 'mouse_aa': 'S', 'grafted_aa': 'A', 'query_aa': 'A', 'status': 'humanized'}, {'imgt_pos': 55, 'is_vernier': False, 'mouse_aa': 'Y', 'grafted_aa': 'W', 'query_aa': 'Y', 'status': 'back_mutated'}, {'imgt_pos': 66, 'is_vernier': True, 'mouse_aa': 'T', 'grafted_aa': 'R', 'query_aa': 'R', 'status': 'humanized'}, {'imgt_pos': 67, 'is_vernier': False, 'mouse_aa': 'R', 'grafted_aa': 'H', 'query_aa': 'L', 'status': 'other_substitution'}, {'imgt_pos': 68, 'is_vernier': True, 'mouse_aa': 'H', 'grafted_aa': 'T', 'query_aa': 'Q', 'status': 'other_substitution'}, {'imgt_pos': 69, 'is_vernier': True, 'mouse_aa': 'T', 'grafted_aa': 'S', 'query_aa': 'S', 'status': 'humanized'}, {'imgt_pos': 74, 'is_vernier': False, 'mouse_aa': 'D', 'grafted_aa': 'S', 'query_aa': 'S', 'status': 'humanized'}, {'imgt_pos': 77, 'is_vernier': False, 'mouse_aa': 'T', 'grafted_aa': 'S', 'query_aa': 'S', 'status': 'humanized'}, {'imgt_pos': 93, 'is_vernier': False, 'mouse_aa': 'N', 'grafted_aa': 'S', 'query_aa': 'S', 'status': 'humanized'}, {'imgt_pos': 94, 'is_vernier': False, 'mouse_aa': 'V', 'grafted_aa': 'L', 'query_aa': 'L', 'status': 'humanized'}, {'imgt_pos': 96, 'is_vernier': False, 'mouse_aa': 'S', 'grafted_aa': 'P', 'query_aa': 'P', 'status': 'humanized'}, {'imgt_pos': 99, 'is_vernier': False, 'mouse_aa': 'L', 'grafted_aa': 'F', 'query_aa': 'F', 'status': 'humanized'}, {'imgt_pos': 101, 'is_vernier': False, 'mouse_aa': 'D', 'grafted_aa': 'T', 'query_aa': 'T', 'status': 'humanized'}, {'imgt_pos': 103, 'is_vernier': False, 'mouse_aa': 'F', 'grafted_aa': 'Y', 'query_aa': 'Y', 'status': 'humanized'}, {'imgt_pos': 104, 'is_vernier': False, 'mouse_aa': 'C', 'grafted_aa': 'Q', 'query_aa': 'C', 'status': 'back_mutated'}, {'imgt_pos': 120, 'is_vernier': False, 'mouse_aa': 'G', 'grafted_aa': 'Q', 'query_aa': 'Q', 'status': 'humanized'}, {'imgt_pos': 124, 'is_vernier': False, 'mouse_aa': 'L', 'grafted_aa': 'V', 'query_aa': 'V', 'status': 'humanized'}]",95.1,92.18,93.71,94.6,95.24,83.97,93.86,-0.28,-0.0739,-0.3366,25,-0.322,-0.1288,-0.3615,20,3,6,1,0,0,0,2,0,0,0,7.86,8.41,8.32,3.0,14,1,27,6,0.957,0.848,0.037,-0.0631,0,0,,,,,,,,,,,,,,,,,,,,,,,,,,,,,,,,,,,,,,,,,,
2B6,level_3_conflict_positions,,,,,,,,,,,,,,,,,,,,,,,,,,,,,,,,,,,,,,,,,,,,,,,,,,,,,,,,,,,,,,,,,,,,,,,,,,,,,,,,,,,,,,,,,,,,,,,,,,,,0,0,0,[],15,0,0,0,[],20,,,,,,,,,,,,,,
2B6,level_4_validation,,,,,,,,,,,,,,,,,,,,,,,,,,,,,,,,,,,,,,,,,,,,,,,,,,,,,,,,,,,,,,,,,,,,,,,,,,,,,,,,,,,,,,,,,,,,,,,,,,,,,,,,,,,,,,0.966,0.838,0.978,0.909,0,2,0,0,0.957,0.838,1,"[{'imgt_pos': 54, 'mouse_aa': 'A', 'seq5_aa': 'A', 'seq7_aa': 'S'}]",7,"[{'imgt_pos': 39, 'mouse_aa': 'V', 'seq5_aa': 'V', 'seq7_aa': 'A'}, {'imgt_pos': 55, 'mouse_aa': 'Y', 'seq5_aa': 'Y', 'seq7_aa': 'W'}, {'imgt_pos': 66, 'mouse_aa': 'T', 'seq5_aa': 'T', 'seq7_aa': 'R'}, {'imgt_pos': 67, 'mouse_aa': 'R', 'seq5_aa': 'R', 'seq7_aa': 'H'}, {'imgt_pos': 68, 'mouse_aa': 'H', 'seq5_aa': 'H', 'seq7_aa': 'T'}, {'imgt_pos': 69, 'mouse_aa': 'T', 'seq5_aa': 'T', 'seq7_aa': 'S'}, {'imgt_pos': 104, 'mouse_aa': 'C', 'seq5_aa': 'C', 'seq7_aa': 'Q'}]"
